AirlineID,AirlineName.En,AirlineName.Zh_tw,AirlineNameAlias.En,AirlineNameAlias.Zh_tw,AirlineEmail,AirlineAddress,AirlinePhone,UpdateTime,VersionID,AirlineICAO,AirlineIATA,AirlineNationality
"",Executive Aviation Taiwan Corp.,,,,"",台北市民生東路三段132號4樓D室,02-87125280,2024-02-16T08:41:24+08:00,1252,,,
"",GREAT  WING  AIRLINES,,,,"",台中市沙鹿區中清路42號,04-26152695,2024-02-16T08:41:24+08:00,1252,,,
"",Sunrise Airline,,,,"",臺北市松山區敦化北路340-2號,02-25452341,2024-02-16T08:41:24+08:00,1252,SRA,,
"",Win Air Business Jet,,,,"",台北市敦化北路340號之102樓,02-2717-1838,2024-02-16T08:41:24+08:00,1252,WBJ,,
00,Janet,,Janet,,"",,,2024-02-16T08:41:24+08:00,1252,WWW,00,
02,Viva Aerobus,,Viva Aerobus,,"",,,2024-02-16T08:41:24+08:00,1252,VIV,02,
0B,Blue Air,,Blue Air,,"",,,2024-02-16T08:41:24+08:00,1252,BMS,0B,
0D,Darwin Airline,,Darwin Airline,,"",,,2024-02-16T08:41:24+08:00,1252,DWT,0D,
0V,Vietnam Air Service Company,,Vietnam Air Service Company,,"",,,2024-02-16T08:41:24+08:00,1252,VFC,0V,
1B,BH Air,,BH Air,,"",,,2024-02-16T08:41:24+08:00,1252,BGH,1B,
1L,Novair,,Novair,,"",,,2024-02-16T08:41:24+08:00,1252,NVR,1L,
1T,1Time,,1Time,,"",,,2024-02-16T08:41:24+08:00,1252,RNX,1T,
2B,Aerocondor,,Aerocondor,,"",,,2024-02-16T08:41:24+08:00,1252,ARD,2B,
2D,Dubrovnik Airline,,Dubrovnik Airline,,"",,,2024-02-16T08:41:24+08:00,1252,DBK,2D,
2E,Smokey Bay Air,,Smokey Bay Air,,"",,,2024-02-16T08:41:24+08:00,1252,PHW,2E,
2F,Frontier Flying Service,,Frontier Flying Service,,"",,,2024-02-16T08:41:24+08:00,1252,FTA,2F,
2I,Star Peru,,Star Peru,,"",,,2024-02-16T08:41:24+08:00,1252,SRU,2I,
2J,Air Burkina,,Air Burkina,,"",,,2024-02-16T08:41:24+08:00,1252,VBW,2J,
2K,Avianca Ecuador,,Avianca Ecuador,,"",,,2024-02-16T08:41:24+08:00,1252,GLG,2K,
2L,Helvetic Airways,,Helvetic Airways,,"",,,2024-02-16T08:41:24+08:00,1252,OAW,2L,
2M,Moldavian Airlines,,Moldavian Airlines,,"",,,2024-02-16T08:41:24+08:00,1252,MDV,2M,
2N,Nextjet,,Nextjet,,"",,,2024-02-16T08:41:24+08:00,1252,NTJ,2N,
2P,Air Philippines,,Air Philippines,,"",,,2024-02-16T08:41:24+08:00,1252,GAP,2P,
2Q,Air Cargo Carriers,,Air Cargo Carriers,,"",,,2024-02-16T08:41:24+08:00,1252,ETS,2Q,
2T,Alajnihah Airways,,Alajnihah Airways,,"",,,2024-02-16T08:41:24+08:00,1252,ANH,2T,
2W,Welcome Air,,Welcome Air,,"",,,2024-02-16T08:41:24+08:00,1252,WLC,2W,
3B,Burkina Airlines,,Burkina Airlines,,"",,,2024-02-16T08:41:24+08:00,1252,BFR,3B,
3E,East Asia Airlines,,East Asia Airlines,,"",,,2024-02-16T08:41:24+08:00,1252,EMU,3E,
3H,Air Inuit,,Air Inuit,,"",,,2024-02-16T08:41:24+08:00,1252,AIE,3H,
3K,Jetstar Asia Airways Pte Ltd,捷星亞洲航空股份有限公司,,捷星航空,"",台北市松江路111號11F-1,02-2509-5111,2024-02-16T08:41:24+08:00,1252,JSA,3K,SQ
3L,InterSky,,InterSky,,"",,,2024-02-16T08:41:24+08:00,1252,ISK,3L,
3M,Gulfstream International,,Gulfstream International,,"",,,2024-02-16T08:41:24+08:00,1252,GFT,3M,
3N,Air Urga,,Air Urga,,"",,,2024-02-16T08:41:24+08:00,1252,URG,3N,
3O,Jubba Airways,,Jubba Airways,,"",,,2024-02-16T08:41:24+08:00,1252,JUN,3O,
3P,Tiara Air,,Tiara Air,,"",,,2024-02-16T08:41:24+08:00,1252,TNM,3P,
3S,Air Guyane Express,,Air Guyane Express,,"",,,2024-02-16T08:41:24+08:00,1252,GUY,3S,
3T,Turan Air,,Turan Air,,"",,,2024-02-16T08:41:24+08:00,1252,URN,3T,
3U,Sichuan Airlines,四川航空公司,Sichuan Airlines,四川航空,"",,,2024-02-16T08:41:24+08:00,1252,CSC,3U,CN
3V,TNT Airways,,TNT Airways,,"",,,2024-02-16T08:41:24+08:00,1252,TAY,3V,
3X,Japan Air Commuter,,Japan Air Commuter,,"",,,2024-02-16T08:41:24+08:00,1252,JAC,3X,
3Y,Kartika Airlines,,Kartika Airlines,,"",,,2024-02-16T08:41:24+08:00,1252,KAE,3Y,
3Z,Everts Air/Tatonduk Outfitters,,Everts Air/Tatonduk Outfitters,,"",,,2024-02-16T08:41:24+08:00,1252,NEC,3Z,
43,Gotlandsflyg,,Gotlandsflyg,,"",,,2024-02-16T08:41:24+08:00,1252,GOT,43,
4A,Air Kiribati,,Air Kiribati,,"",,,2024-02-16T08:41:24+08:00,1252,AKL,4A,
4B,Aviastar-Tu Co.,,Aviastar-Tu Co.,,"",,,2024-02-16T08:41:24+08:00,1252,PAG,4B,
4C,LATAM Airlines Colombia,,LATAM Airlines Colombia,,"",,,2024-02-16T08:41:24+08:00,1252,ARE,4C,
4D,Air Sinai,,Air Sinai,,"",,,2024-02-16T08:41:24+08:00,1252,ASD,4D,
4E,Tanana Air Service,,Tanana Air Service,,"",,,2024-02-16T08:41:24+08:00,1252,TNR,4E,
4G,Gazpromavia,,Gazpromavia,,"",,,2024-02-16T08:41:24+08:00,1252,GZP,4G,
4H,United Airways (Bangladesh),,United Airways (Bangladesh),,"",,,2024-02-16T08:41:24+08:00,1252,UBD,4H,
4I,Izair,,Izair,,"",,,2024-02-16T08:41:24+08:00,1252,IZM,4I,
4J,Somon Air,,Somon Air,,"",,,2024-02-16T08:41:24+08:00,1252,SMR,4J,
4K,Kenn Borek Air,,Kenn Borek Air,,"",,,2024-02-16T08:41:24+08:00,1252,AAS,4K,
4L,Euroline,,Euroline,,"",,,2024-02-16T08:41:24+08:00,1252,MJX,4L,
4M,LATAM Airlines Argentina,,LATAM Airlines Argentina,,"",,,2024-02-16T08:41:24+08:00,1252,DSM,4M,
4N,Air North,,Air North,,"",,,2024-02-16T08:41:24+08:00,1252,ANT,4N,
4O,Interjet,,Interjet,,"",,,2024-02-16T08:41:24+08:00,1252,AIJ,4O,
4P,Viking Airlines,,Viking Airlines,,"",,,2024-02-16T08:41:24+08:00,1252,VIK,4P,
4Q,Safi Airways,,Safi Airways,,"",,,2024-02-16T08:41:24+08:00,1252,SFW,4Q,
4R,HI Hamburg International,,HI Hamburg International,,"",,,2024-02-16T08:41:24+08:00,1252,HHI,4R,
4T,Belair,,Belair,,"",,,2024-02-16T08:41:24+08:00,1252,BHP,4T,
4U,Germanwings,,Germanwings,,"",,,2024-02-16T08:41:24+08:00,1252,GWI,4U,
4V,Fly Gangwon,江原航空,Fly Gangwon,江原航空,"",,,2024-02-16T08:41:24+08:00,1252,FGW,4V,KR
4W,Allied Air,,Allied Air,,"",,,2024-02-16T08:41:24+08:00,1252,AJK,4W,
4Y,Blue Line,,Blue Line,,"",,,2024-02-16T08:41:24+08:00,1252,BLE,4Y,
4Z,Airlink,,Airlink,,"",,,2024-02-16T08:41:24+08:00,1252,LNK,4Z,
5B,Euro Asia International,,Euro Asia International,,"",,,2024-02-16T08:41:24+08:00,1252,EAK,5B,
5C,CAL Cargo Airlines,,CAL Cargo Airlines,,"",,,2024-02-16T08:41:24+08:00,1252,ICL,5C,
5D,AeromAcxico Connect,,AeromAcxico Connect,,"",,,2024-02-16T08:41:24+08:00,1252,SLI,5D,
5E,Equaflight Service,,Equaflight Service,,"",,,2024-02-16T08:41:24+08:00,1252,EKA,5E,
5F,Arctic Circle Air,,Arctic Circle Air,,"",,,2024-02-16T08:41:24+08:00,1252,BST,5F,
5H,Fly540,,Fly540,,"",,,2024-02-16T08:41:24+08:00,1252,FFV,5H,
5J,CEBU Pacific Air,宿霧航空,CEBU Pacific Air,宿霧航空,"",,,2024-02-16T08:41:24+08:00,1252,CEB,5J,PH
5K,Hi Fly,關島航空,Hi Fly,,"",,,2024-02-16T08:41:24+08:00,1252,HFY,5K,
5L,Aerosur,,Aerosur,,"",,,2024-02-16T08:41:24+08:00,1252,ASU,5L,
5N,Nordavia Regional Airlines,,Nordavia Regional Airlines,,"",,,2024-02-16T08:41:24+08:00,1252,AUL,5N,
5O,Europe Airpost,,Europe Airpost,,"",,,2024-02-16T08:41:24+08:00,1252,FPO,5O,
5P,PAL Airlines,,PAL Airlines,,"",,,2024-02-16T08:41:24+08:00,1252,PCP,5P,
5Q,BQB LA-neas AAcreas,,BQB LA-neas AAcreas,,"",,,2024-02-16T08:41:24+08:00,1252,BQB,5Q,
5R,Karthago Airlines,,Karthago Airlines,,"",,,2024-02-16T08:41:24+08:00,1252,KAJ,5R,
5T,Canadian North/Air NorTerra Inc,,Canadian North/Air NorTerra Inc,,"",,,2024-02-16T08:41:24+08:00,1252,ANW,5T,
5U,LADE Lineas Aereas del Estado,,LADE Lineas Aereas del Estado,,"",,,2024-02-16T08:41:24+08:00,1252,LDE,5U,
5V,Lviv Airlines,,Lviv Airlines,,"",,,2024-02-16T08:41:24+08:00,1252,UKW,5V,
5W,Flystar Astraeus,,Flystar Astraeus,,"",,,2024-02-16T08:41:24+08:00,1252,AEU,5W,
5X,UPS Airlines,優航,UPS Airlines,優航,"",,,2024-02-16T08:41:24+08:00,1252,UPS,5X,US
5Y,Atlas Air,阿特拉斯航空,Atlas Air,阿特拉斯航空,"",,,2024-02-16T08:41:24+08:00,1252,GTI,5Y,
5Z,Cemair,,Cemair,,"",,,2024-02-16T08:41:24+08:00,1252,KEM,5Z,
6B,TUIfly Nordic,,TUIfly Nordic,,"",,,2024-02-16T08:41:24+08:00,1252,BLX,6B,
6D,Pelita Air Service,,Pelita Air Service,,"",,,2024-02-16T08:41:24+08:00,1252,PAS,6D,
6E,IndiGo Airlines,,IndiGo Airlines,,"",,,2024-02-16T08:41:24+08:00,1252,IGO,6E,
6F,Afrijet,,Afrijet,,"",,,2024-02-16T08:41:24+08:00,1252,FRJ,6F,
6H,Israir,,Israir,,"",,,2024-02-16T08:41:24+08:00,1252,ISR,6H,
6J,Skynet Asia Airways,空之子航空,Skynet Asia Airways,空之子航空,"",,,2024-02-16T08:41:24+08:00,1252,SNJ,6J,
6K,Kyrgyz Trans Avia,,Kyrgyz Trans Avia,,"",,,2024-02-16T08:41:24+08:00,1252,KTC,6K,
6L,Aklak Air,,Aklak Air,,"",,,2024-02-16T08:41:24+08:00,1252,AKK,6L,
6M,Air Minas Linhas AAcreas,,Air Minas Linhas AAcreas,,"",,,2024-02-16T08:41:24+08:00,1252,AMG,6M,
6O,Air Satellite,,Air Satellite,,"",,,2024-02-16T08:41:24+08:00,1252,ASJ,6O,
6P,Gryphon Airlines,,Gryphon Airlines,,"",,,2024-02-16T08:41:24+08:00,1252,VOS,6P,
6Q,Cham Wings Airlines,,Cham Wings Airlines,,"",,,2024-02-16T08:41:24+08:00,1252,SAW,6Q,
6R,Alrosa Mirny Air Enterprise,,Alrosa Mirny Air Enterprise,,"",,,2024-02-16T08:41:24+08:00,1252,DRU,6R,
6T,Air Mandalay,,Air Mandalay,,"",,,2024-02-16T08:41:24+08:00,1252,LMT,6T,
6V,Lignes AAcriennes Congolaises,,Lignes AAcriennes Congolaises,,"",,,2024-02-16T08:41:24+08:00,1252,LCG,6V,
6W,Saravia Saratov Airlines,,Saravia Saratov Airlines,,"",,,2024-02-16T08:41:24+08:00,1252,SOV,6W,
7A,Air Next,,Air Next,,"",,,2024-02-16T08:41:24+08:00,1252,NXA,7A,
7B,Kras Air Airlines,,Kras Air Airlines,,"",,,2024-02-16T08:41:24+08:00,1252,KJC,7B,
7C,Jeju Air,濟州航空,Jeju Air,濟州航空,"",,,2024-02-16T08:41:24+08:00,1252,JJA,7C,KR
7D,Donbassaero Airlines,,Donbassaero Airlines,,"",,,2024-02-16T08:41:24+08:00,1252,UDC,7D,
7E,Sylt Air,,Sylt Air,,"",,,2024-02-16T08:41:24+08:00,1252,AWU,7E,
7F,First Air,,First Air,,"",,,2024-02-16T08:41:24+08:00,1252,FAB,7F,
7G,StarFlyer,星悅航空,StarFlyer,星悅航空,"",,,2024-02-16T08:41:24+08:00,1252,SFJ,7G,
7H,Corendon Airlines,,Corendon Airlines,,"",,,2024-02-16T08:41:24+08:00,1252,CAI,7H,
7I,Insel Air,,Insel Air,,"",,,2024-02-16T08:41:24+08:00,1252,INC,7I,
7J,Tajik Air,,Tajik Air,,"",,,2024-02-16T08:41:24+08:00,1252,TZK,7J,
7K,Kogalymavia Airlines,,Kogalymavia Airlines,,"",,,2024-02-16T08:41:24+08:00,1252,KGL,7K,
7L,Silk Way West Airlines,,Silk Way West Airlines,,"",,,2024-02-16T08:41:24+08:00,1252,AZG,7L,
7Q,Air Libya,,Air Libya,,"",,,2024-02-16T08:41:24+08:00,1252,TLR,7Q,
7S,Arctic Transportation Services,,Arctic Transportation Services,,"",,,2024-02-16T08:41:24+08:00,1252,RYA,7S,
7T,Aero Express Del Ecuador,,Aero Express Del Ecuador,,"",,,2024-02-16T08:41:24+08:00,1252,RTM,7T,
7U,Aviaenergo,,Aviaenergo,,"",,,2024-02-16T08:41:24+08:00,1252,ERG,7U,
7V,Pelican Air,,Pelican Air,,"",,,2024-02-16T08:41:24+08:00,1252,PDF,7V,
7W,Wind Rose Aviation,,Wind Rose Aviation,,"",,,2024-02-16T08:41:24+08:00,1252,WRC,7W,
7Y,Flying Carpet Air Transportation,,Flying Carpet Air Transportation,,"",,,2024-02-16T08:41:24+08:00,1252,FCR,7Y,
7Z,Halcyonair,,Halcyonair,,"",,,2024-02-16T08:41:24+08:00,1252,HCV,7Z,
8A,Atlas Blue,天文航空,Atlas Blue,,"",,,2024-02-16T08:41:24+08:00,1252,BMM,8A,
8B,Caribbean Star Airlines,,Caribbean Star Airlines,,"",,,2024-02-16T08:41:24+08:00,1252,GFI,8B,
8D,Expo Aviation,,Expo Aviation,,"",,,2024-02-16T08:41:24+08:00,1252,EXV,8D,
8E,Bering Air,,Bering Air,,"",,,2024-02-16T08:41:24+08:00,1252,BRG,8E,
8F,STP Airways,,STP Airways,,"",,,2024-02-16T08:41:24+08:00,1252,STP,8F,
8H,BH Air,,BH Air,,"",,,2024-02-16T08:41:24+08:00,1252,BGH,8H,
8J,Jet4you,,Jet4you,,"",,,2024-02-16T08:41:24+08:00,1252,JFU,8J,
8K,K-Mile Air,凱邁爾航空,K-Mile Air,凱邁爾航空,"",,,2024-02-16T08:41:24+08:00,1252,KMI,8K,TH
8L,Lucky Air,,Lucky Air,,"",,,2024-02-16T08:41:24+08:00,1252,LKE,8L,
8M,Myanmar Airways International,緬甸國際,Myanmar Airways International,緬甸國際,"",,,2024-02-16T08:41:24+08:00,1252,MMA,8M,
8N,barents AirLink,,barents AirLink,,"",,,2024-02-16T08:41:24+08:00,1252,NKF,8N,
8O,West Coast Air,,West Coast Air,,"",,,2024-02-16T08:41:24+08:00,1252,YWZ,8O,
8P,Pacific Coastal Airlines,,Pacific Coastal Airlines,,"",,,2024-02-16T08:41:24+08:00,1252,PCO,8P,
8Q,Onur Air,,Onur Air,,"",,,2024-02-16T08:41:24+08:00,1252,OHY,8Q,
8R,Trip Linhas Aereas,,Trip Linhas Aereas,,"",,,2024-02-16T08:41:24+08:00,1252,TIB,8R,
8T,Air Tindi,,Air Tindi,,"",,,2024-02-16T08:41:24+08:00,1252,TID,8T,
8U,Afriqiyah Airways,,Afriqiyah Airways,,"",,,2024-02-16T08:41:24+08:00,1252,AAW,8U,
8V,Wright Air,,Wright Air,,"",,,2024-02-16T08:41:24+08:00,1252,ACP,8V,
8W,Private Wings Flugcharter GmbH,,Private Wings Flugcharter GmbH,,"",,,2024-02-16T08:41:24+08:00,1252,PWF,8W,
8Y,,中國郵航,,中國郵航,"",,,2024-02-16T08:41:24+08:00,1252,CYZ,8Y,CN
8Z,Wizz Air Bulgaria,,Wizz Air Bulgaria,,"",,,2024-02-16T08:41:24+08:00,1252,WVL,8Z,
99,V Air,威航,V Air,威航,"",,,2024-02-16T08:41:24+08:00,1252,VAX,99,
9B,Deutsche Bahn AG,,Deutsche Bahn AG,,"",,,2024-02-16T08:41:24+08:00,1252,2BB,9B,
9C,Air Spring,春秋航空,Air Spring,春秋航空,"",,,2024-02-16T08:41:24+08:00,1252,CQH,9C,CN
9D,ToumaA¯ Air Tchad,,ToumaA¯ Air Tchad,,"",,,2024-02-16T08:41:24+08:00,1252,THE,9D,
9E,XL Airways Germany,,XL Airways Germany,,"",,,2024-02-16T08:41:24+08:00,1252,GXL,9E,
9G,Perm Airlines,,Perm Airlines,,"",,,2024-02-16T08:41:24+08:00,1252,PGP,9G,
9H,Bonaire Express,,Bonaire Express,,"",,,2024-02-16T08:41:24+08:00,1252,BXL,9H,
9J,Dana Air,,Dana Air,,"",,,2024-02-16T08:41:24+08:00,1252,DAN,9J,
9K,Cape Air,,Cape Air,,"",,,2024-02-16T08:41:24+08:00,1252,KAP,9K,
9L,Colgan Air,,Colgan Air,,"",,,2024-02-16T08:41:24+08:00,1252,CJC,9L,
9M,Central Mountain Air,,Central Mountain Air,,"",,,2024-02-16T08:41:24+08:00,1252,GLR,9M,
9N,SATENA,,SATENA,,"",,,2024-02-16T08:41:24+08:00,1252,NSE,9N,
9R,Phuket Airlines,,Phuket Airlines,,"",,,2024-02-16T08:41:24+08:00,1252,VAP,9R,
9S,Southern Air,,Southern Air,,"",,,2024-02-16T08:41:24+08:00,1252,CQH,9S,
9T,Athabaska Airlines,,Athabaska Airlines,,"",,,2024-02-16T08:41:24+08:00,1252,ABS,9T,
9U,Air Moldova,,Air Moldova,,"",,,2024-02-16T08:41:24+08:00,1252,MLD,9U,
9V,Avior Airlines,,Avior Airlines,,"",,,2024-02-16T08:41:24+08:00,1252,ROI,9V,
9W,Jet Airways,,Jet Airways,,"",,,2024-02-16T08:41:24+08:00,1252,JAI,9W,
A2,Astra Airlines,,Astra Airlines,,"",,,2024-02-16T08:41:24+08:00,1252,AZI,A2,
A3,Aegean Airlines,,Aegean Airlines,,"",,,2024-02-16T08:41:24+08:00,1252,AEE,A3,
A5,Airlinair,,Airlinair,,"",,,2024-02-16T08:41:24+08:00,1252,RLA,A5,
A6,Air Alps Aviation,,Air Alps Aviation,,"",,,2024-02-16T08:41:24+08:00,1252,LPV,A6,
A8,Benin Golf Air,,Benin Golf Air,,"",,,2024-02-16T08:41:24+08:00,1252,BGL,A8,
A9,Georgian Airways,,Georgian Airways,,"",,,2024-02-16T08:41:24+08:00,1252,TGZ,A9,
AA,American Airlines,美國航空公司,American Airlines,美國航空,"",台北市長安東路一段25號11樓之1,02-25370121,2024-02-16T08:41:24+08:00,1252,AAL,AA,US
AB,airberlin,,airberlin,,"",,,2024-02-16T08:41:24+08:00,1252,BER,AB,
AC,Air Canada,加拿大航空,Air Canada,加拿大航空,"",,,2024-02-16T08:41:24+08:00,1252,ACA,AC,
AD,Azul Brazilian Airlines,安托諾夫航空,Azul Brazilian Airlines,安托諾夫航空,"",,,2024-02-16T08:41:24+08:00,1252,AZU,AD,
AE,Mandarin Airlines,華信航空股份有限公司,Mandarin Airlines,華信航空,"",台北市敦化北路405巷123弄3號,02-27171188,2024-02-16T08:41:24+08:00,1252,MDA,AE,TW
AF,Air France,法國航空,Air France,法國航空,"",,,2024-02-16T08:41:24+08:00,1252,AFR,AF,TW
AH,Air Algerie,,Air Algerie,,"",,,2024-02-16T08:41:24+08:00,1252,DAH,AH,
AI,Air India,印度航空,Air India,印度航空,"",,,2024-02-16T08:41:24+08:00,1252,AIC,AI,
AJ,Aero Contractors,,Aero Contractors,,"",,,2024-02-16T08:41:24+08:00,1252,NIG,AJ,
AK,AirAsia Berhad,馬亞洲航空,AirAsia Berhad,馬亞洲航空,"",,,2024-02-16T08:41:24+08:00,1252,AXM,AK,MY
AM,Aeromexico,,Aeromexico,,"",,,2024-02-16T08:41:24+08:00,1252,AMX,AM,
AO,Australian Airlines,,Australian Airlines,,"",,,2024-02-16T08:41:24+08:00,1252,AUZ,AO,
AP,Air One,,Air One,,"",,,2024-02-16T08:41:24+08:00,1252,ADH,AP,
AR,Aerolineas Argentinas,,Aerolineas Argentinas,,"",,,2024-02-16T08:41:24+08:00,1252,ARG,AR,
AS,Alaska Airlines,,Alaska Airlines,,"",,,2024-02-16T08:41:24+08:00,1252,ASA,AS,
AT,Royal Air Maroc,,Royal Air Maroc,,"",,,2024-02-16T08:41:24+08:00,1252,RAM,AT,
AU,Austral,,Austral,,"",,,2024-02-16T08:41:24+08:00,1252,AUT,AU,
AV,Avianca,哥倫比亞,Avianca,哥倫比亞,"",,,2024-02-16T08:41:24+08:00,1252,AVA,AV,
AX,Trans States Airlines,,Trans States Airlines,,"",,,2024-02-16T08:41:24+08:00,1252,LOF,AX,
AY,Finnair,,Finnair,,"",,,2024-02-16T08:41:24+08:00,1252,FIN,AY,
AZ,Alitalia,義大利航空,Alitalia,義大利航空,"",台北市長安東路一段25號11樓,02-25682121,2024-02-16T08:41:24+08:00,1252,AZA,AZ,IT
B2,Belavia,,Belavia,,"",,,2024-02-16T08:41:24+08:00,1252,BRU,B2,
B4,ZanAir,,ZanAir,,"",,,2024-02-16T08:41:24+08:00,1252,TAN,B4,
B5,East African Safari Air,,East African Safari Air,,"",,,2024-02-16T08:41:24+08:00,1252,HSA,B5,
B6,JetBlue,,JetBlue,,"",,,2024-02-16T08:41:24+08:00,1252,JBU,B6,
B7,UNI AIRWAYS CORP.,立榮航空,,立榮航空,"",臺北市長安東路2段117號8樓,02-25135533,2024-02-16T08:41:24+08:00,1252,UIA,B7,TW
B8,Eritrean Airlines,,Eritrean Airlines,,"",,,2024-02-16T08:41:24+08:00,1252,ERT,B8,
B9,Iran Airtour Airline,,Iran Airtour Airline,,"",,,2024-02-16T08:41:24+08:00,1252,IRB,B9,
BA,British Airways,英國亞洲,British Airways,,"",,,2024-02-16T08:41:24+08:00,1252,BAW,BA,
BB,Seabornes Airlines,,Seabornes Airlines,,"",,,2024-02-16T08:41:24+08:00,1252,BBB,BB,
BC,Skymark Airlines,,Skymark Airlines,,"",,,2024-02-16T08:41:24+08:00,1252,SKY,BC,
BD,bmi british midland,,bmi british midland,,"",,,2024-02-16T08:41:24+08:00,1252,BMA,BD,
BE,flybe,,flybe,,"",,,2024-02-16T08:41:24+08:00,1252,BEE,BE,
BF,Vincent Aviation,,Vincent Aviation,,"",,,2024-02-16T08:41:24+08:00,1252,VAL,BF,
BG,Biman Bangladesh Airlines,,Biman Bangladesh Airlines,,"",,,2024-02-16T08:41:24+08:00,1252,BBC,BG,
BH,Hawkair Aviation,,Hawkair Aviation,,"",,,2024-02-16T08:41:24+08:00,1252,BHA,BH,
BI,Royal Brunei,汶萊航空,Royal Brunei,汶萊航空,"",,,2024-02-16T08:41:24+08:00,1252,RBA,BI,
BJ,Nouvelair,,Nouvelair,,"",,,2024-02-16T08:41:24+08:00,1252,LBT,BJ,
BK,Okay Airways,,Okay Airways,,"",,,2024-02-16T08:41:24+08:00,1252,OKA,BK,
BL,Pacific Airlines,越南太平洋,,越南太平洋,"",,02-7176774,2024-02-16T08:41:24+08:00,1252,PIC,BL,
BP,Air Botswana,,Air Botswana,,"",,,2024-02-16T08:41:24+08:00,1252,BOT,BP,
BR,EVA Air,長榮航空,EVA Air,長榮航空,"",桃園縣蘆竹鄉新南路一段376號,03-3516219,2024-02-16T08:41:24+08:00,1252,EVA,BR,TW
BS,British International Helicopter,,British International Helicopter,,"",,,2024-02-16T08:41:24+08:00,1252,BIH,BS,
BT,Air Baltic,,Air Baltic,,"",,,2024-02-16T08:41:24+08:00,1252,BTI,BT,
BV,Blue Panorama,,Blue Panorama,,"",,,2024-02-16T08:41:24+08:00,1252,BPA,BV,
BW,Caribbean Airlines,,Caribbean Airlines,,"",,,2024-02-16T08:41:24+08:00,1252,BWA,BW,
BX,AIR BUSAN,韓商釜山航空股份有限公司臺北分公司,,釜山航空,"",台北市中山區建國北路二段33號10樓之4,02-25163355,2024-02-16T08:41:24+08:00,1252,ABL,BX,KR
BY,Thomsonfly,,Thomsonfly,,"",,,2024-02-16T08:41:24+08:00,1252,TOM,BY,
BZ,Blue Bird Aviation,,Blue Bird Aviation,,"",,,2024-02-16T08:41:24+08:00,1252,BBZ,BZ,
C3,Contact Air,,Contact Air,,"",,,2024-02-16T08:41:24+08:00,1252,KIS,C3,
C4,Zimex Aviation,,Zimex Aviation,,"",,,2024-02-16T08:41:24+08:00,1252,IMX,C4,
C5,CommutAir,,CommutAir,,"",,,2024-02-16T08:41:24+08:00,1252,UCA,C5,
C6,Canjet Airlines,,Canjet Airlines,,"",,,2024-02-16T08:41:24+08:00,1252,CJA,C6,
C7,Rico Linhas Aereas,,Rico Linhas Aereas,,"",,,2024-02-16T08:41:24+08:00,1252,RLE,C7,
C9,Cirrus Airlines,,Cirrus Airlines,,"",,,2024-02-16T08:41:24+08:00,1252,RUS,C9,
CA,Air China,大陸商中國國際股份有限公司,Air China,中國國際,"",台北市民生東路3段134號4樓之B,02-27182333,2024-02-16T08:41:24+08:00,1252,CCA,CA,CN
CB,ScotAirways,,ScotAirways,,"",,,2024-02-16T08:41:24+08:00,1252,SAY,CB,
CC,Macair Airlines,,Macair Airlines,,"",,,2024-02-16T08:41:24+08:00,1252,MCK,CC,
CD,Air India Regional,,Air India Regional,,"",,,2024-02-16T08:41:24+08:00,1252,LLR,CD,
CE,Chalair Aviation,,Chalair Aviation,,"",,,2024-02-16T08:41:24+08:00,1252,CLG,CE,
CF,China Postal Airlines,中國郵航,China Postal Airlines,中國郵航,"",,,2024-02-16T08:41:24+08:00,1252,CYZ,CF,CN
CG,Airlines of Papua New Guinea,,Airlines of Papua New Guinea,,"",,,2024-02-16T08:41:24+08:00,1252,TOK,CG,
CH,Bemidji Airlines,,Bemidji Airlines,,"",,,2024-02-16T08:41:24+08:00,1252,BMJ,CH,
CI,China Airlines,中華航空,China Airlines,中華航空,"",桃園縣大園鄉航站南路1號,03-0998888,2024-02-16T08:41:24+08:00,1252,CAL,CI,TW
CJ,BA CityFlyer,,BA CityFlyer,,"",,,2024-02-16T08:41:24+08:00,1252,CFE,CJ,
CK,China Cargo Airlines,中國貨運,China Cargo Airlines,中國貨運,"",,,2024-02-16T08:41:24+08:00,1252,CKK,CK,CN
CL,Lufthansa CityLine,,Lufthansa CityLine,,"",,,2024-02-16T08:41:24+08:00,1252,CLH,CL,
CM,COPA Airlines,巴拿馬航空,COPA Airlines,巴拿馬航空,"",,,2024-02-16T08:41:24+08:00,1252,CMP,CM,
CN,Grand China Air,,Grand China Air,,"",,,2024-02-16T08:41:24+08:00,1252,GDC,CN,
CO,COBALT AIR,美國大陸,COBALT AIR,,"",,,2024-02-16T08:41:24+08:00,1252,FCB,CO,
CP,Compass Airlines (North America),,Compass Airlines (North America),,"",,,2024-02-16T08:41:24+08:00,1252,CPZ,CP,
CQ,Sunshine Express Airlines,,Sunshine Express Airlines,,"",,,2024-02-16T08:41:24+08:00,1252,EXL,CQ,
CS,Continental Micronesia,,Continental Micronesia,,"",,,2024-02-16T08:41:24+08:00,1252,CMI,CS,
CU,Cubana,,Cubana,,"",,,2024-02-16T08:41:24+08:00,1252,CUB,CU,
CV,Cargolux S.A.,盧森堡航空,Cargolux S.A.,盧航,"",,,2024-02-16T08:41:24+08:00,1252,CLX,CV,LU
CW,Air Marshall Islands,,Air Marshall Islands,,"",,,2024-02-16T08:41:24+08:00,1252,MRS,CW,
CX,Cathay Pacific,香港商國泰航空股份有限公司台灣分公司,Cathay Pacific,國泰航空,"",台北市民生東路三段129號12樓,02-2714-9605,2024-02-16T08:41:24+08:00,1252,CPA,CX,HK
CY,Cyprus Airways,,Cyprus Airways,,"",,,2024-02-16T08:41:24+08:00,1252,CYP,CY,
CZ,China Southern Airlines,中國南方航空,China Southern Airlines,南方航空,"",台北市民生東路三段69號1樓,02-25099555,2024-02-16T08:41:24+08:00,1252,CSN,CZ,CN
D2,Severstal Aircompany,,Severstal Aircompany,,"",,,2024-02-16T08:41:24+08:00,1252,SSF,D2,
D4,Alidaunia,,Alidaunia,,"",,,2024-02-16T08:41:24+08:00,1252,LID,D4,
D6,Interair South Africa,,Interair South Africa,,"",,,2024-02-16T08:41:24+08:00,1252,ILN,D6,
D7,Air Asia X,全亞洲航空,Air Asia X,全亞洲航空,"",,,2024-02-16T08:41:24+08:00,1252,XAX,D7,MY
D8,Djibouti Airlines,,Djibouti Airlines,,"",,,2024-02-16T08:41:24+08:00,1252,DJB,D8,
D9,Aeroflot-Don,,Aeroflot-Don,,"",,,2024-02-16T08:41:24+08:00,1252,DNV,D9,
DA,Daily Air Corporation,德安航空股份有限公司,,德安航空,"",台北市敦化北路340號之10二樓,02-2712-3995,2024-02-16T08:41:24+08:00,1252,DAC,DA,
DB,Brit Air,,Brit Air,,"",,,2024-02-16T08:41:24+08:00,1252,BZH,DB,
DC,Golden Air,,Golden Air,,"",,,2024-02-16T08:41:24+08:00,1252,GOA,DC,
DD,Nok Air,皇雀航空,Nok Air,皇雀航空,"",,,2024-02-16T08:41:24+08:00,1252,NOK,DD,
DE,Condor,,Condor,,"",,,2024-02-16T08:41:24+08:00,1252,CFG,DE,
DG,South East Asian Airlines,,South East Asian Airlines,,"",,,2024-02-16T08:41:24+08:00,1252,SRQ,DG,
DI,Divi Divi Air,,Divi Divi Air,,"",,,2024-02-16T08:41:24+08:00,1252,DVR,DI,
DJ,Virgin Blue,日亞洲航空,Virgin Blue,日亞洲航空,"",,,2024-02-16T08:41:24+08:00,1252,VOZ,DJ,
DK,Thomas Cook Airlines Scandinavia,,Thomas Cook Airlines Scandinavia,,"",,,2024-02-16T08:41:24+08:00,1252,VKG,DK,
DL,Delta Air Lines,美商達美航空股份有限公司 台灣分公司,Delta Air Lines,達美航空,"",10506臺北市敦化南路一段2號9樓/33758桃園縣大園鄉航站南路9號 第二航廈 2710A室,02-2772-2278,2024-02-16T08:41:24+08:00,1252,DAL,DL,US
DN,Deccan Aviation,,Deccan Aviation,,"",,,2024-02-16T08:41:24+08:00,1252,DKN,DN,
DO,Air Vallee,,Air Vallee,,"",,,2024-02-16T08:41:24+08:00,1252,RVL,DO,
DQ,Coastal Air Transport,,Coastal Air Transport,,"",,,2024-02-16T08:41:24+08:00,1252,CXT,DQ,
DR,Air Link,,Air Link,,"",,,2024-02-16T08:41:24+08:00,1252,UNK,DR,
DS,Easyjet Switzerland,,Easyjet Switzerland,,"",,,2024-02-16T08:41:24+08:00,1252,EZS,DS,
DT,TAAG - Angola Airlines,,TAAG - Angola Airlines,,"",,,2024-02-16T08:41:24+08:00,1252,DTA,DT,
DU,Hemus Air,,Hemus Air,,"",,,2024-02-16T08:41:24+08:00,1252,HMS,DU,
DV,SCAT,,SCAT,,"",,,2024-02-16T08:41:24+08:00,1252,VSV,DV,
DW,Aero-Charter Ukraine,,Aero-Charter Ukraine,,"",,,2024-02-16T08:41:24+08:00,1252,UCR,DW,
DX,Danish Air Transport,,Danish Air Transport,,"",,,2024-02-16T08:41:24+08:00,1252,DTR,DX,
DY,Norwegian Air Shuttle,,Norwegian Air Shuttle,,"",,,2024-02-16T08:41:24+08:00,1252,NAX,DY,
E3,Eagles Airlines (Italy),,Eagles Airlines (Italy),,"",,,2024-02-16T08:41:24+08:00,1252,EGS,E3,
E4,Elysian Airlines,,Elysian Airlines,,"",,,2024-02-16T08:41:24+08:00,1252,GIE,E4,
E5,Air Arabia Egypt,,Air Arabia Egypt,,"",,,2024-02-16T08:41:24+08:00,1252,RBG,E5,
E9,Evelop Airlines,,Evelop Airlines,,"",,,2024-02-16T08:41:24+08:00,1252,EVE,E9,
EA,Andalus Lineas Aereas,,Andalus Lineas Aereas,,"",,,2024-02-16T08:41:24+08:00,1252,ANU,EA,
EB,Wamos Air,,Wamos Air,,"",,,2024-02-16T08:41:24+08:00,1252,PLM,EB,
EC,Avialeasing Aviation Company,,Avialeasing Aviation Company,,"",,,2024-02-16T08:41:24+08:00,1252,TWN,EC,
ED,Airblue,,Airblue,,"",,,2024-02-16T08:41:24+08:00,1252,ABQ,ED,
EG,Japan Asia Airways,日本亞細亞航空公司,,,"",高雄市中正三路2號,2017116,2024-02-16T08:41:24+08:00,1252,JAA,EG,JP
EH,Air Nippon Network,,Air Nippon Network,,"",,,2024-02-16T08:41:24+08:00,1252,AKX,EH,
EI,Aer Lingus,,Aer Lingus,,"",,,2024-02-16T08:41:24+08:00,1252,EIN,EI,
EJ,New England Airlines,,New England Airlines,,"",,,2024-02-16T08:41:24+08:00,1252,NEA,EJ,
EK,Emirates,阿聯酋航空,Emirates,阿聯酋航空,"",台北市忠孝東路二段112號4樓,02-23938930,2024-02-16T08:41:24+08:00,1252,UAE,EK,AE
EL,Air Nippon,日空航空,Air Nippon,,"",,,2024-02-16T08:41:24+08:00,1252,ANK,EL,JP
EM,Aero Benin,,Aero Benin,,"",,,2024-02-16T08:41:24+08:00,1252,AEB,EM,
EN,Air Dolomiti,,Air Dolomiti,,"",,,2024-02-16T08:41:24+08:00,1252,DLA,EN,
EO,Hewa Bora Airways,,Hewa Bora Airways,,"",,,2024-02-16T08:41:24+08:00,1252,ALX,EO,
EP,Iran Aseman Airlines,,Iran Aseman Airlines,,"",,,2024-02-16T08:41:24+08:00,1252,IRC,EP,
EQ,TAME - Linea Aerea del Ecuador,,TAME - Linea Aerea del Ecuador,,"",,,2024-02-16T08:41:24+08:00,1252,TAE,EQ,
ET,Ethiopian Airlines,,Ethiopian Airlines,,"",,,2024-02-16T08:41:24+08:00,1252,ETH,ET,
EU,Chengdu Airlines,,Chengdu Airlines,,"",,,2024-02-16T08:41:24+08:00,1252,UEA,EU,
EV,Atlantic Southeast Airlines,,Atlantic Southeast Airlines,,"",,,2024-02-16T08:41:24+08:00,1252,ASQ,EV,
EW,Eurowings,,Eurowings,,"",,,2024-02-16T08:41:24+08:00,1252,EWG,EW,
EY,Etihad Airways,,Etihad Airways,,"",,,2024-02-16T08:41:24+08:00,1252,ETD,EY,
EZ,Sun Air of Scandinavia,,Sun Air of Scandinavia,,"",,,2024-02-16T08:41:24+08:00,1252,SUS,EZ,
F5,Cosmic Air,,Cosmic Air,,"",,,2024-02-16T08:41:24+08:00,1252,ACY,F5,
F7,flybaboo,,flybaboo,,"",,,2024-02-16T08:41:24+08:00,1252,BBO,F7,
F9,Frontier Airlines,,Frontier Airlines,,"",,,2024-02-16T08:41:24+08:00,1252,FTT,F9,
FA,Safair,,Safair,,"",,,2024-02-16T08:41:24+08:00,1252,SFR,FA,
FB,Bulgaria Air,,Bulgaria Air,,"",,,2024-02-16T08:41:24+08:00,1252,LZB,FB,
FC,Finncomm Airlines,,Finncomm Airlines,,"",,,2024-02-16T08:41:24+08:00,1252,WBA,FC,
FD,Thai AirAsia,泰亞洲航空,Thai AirAsia,泰亞洲航空,"",,,2024-02-16T08:41:24+08:00,1252,AIQ,FD,
FE,FAREASTERN AIR TRANSPORT,遠東航空公司,,遠東航空,"",台北市敦化北路405巷123弄5號,02-27121555,2024-02-16T08:41:24+08:00,1252,FEA,FE,TW
FG,Ariana Afghan Airlines,,Ariana Afghan Airlines,,"",,,2024-02-16T08:41:24+08:00,1252,AFG,FG,
FI,Icelandair,,Icelandair,,"",,,2024-02-16T08:41:24+08:00,1252,ICE,FI,
FJ,Fiji Airways,,Fiji Airways,,"",,,2024-02-16T08:41:24+08:00,1252,FJI,FJ,
FK,Africa West,,Africa West,,"",,,2024-02-16T08:41:24+08:00,1252,WAF,FK,
FL,Airtran Airways,,Airtran Airways,,"",,,2024-02-16T08:41:24+08:00,1252,TRS,FL,
FM,Shanghai Airlines,上海航空有限公司,Shanghai Airlines,上海航空,"",台北市民生東路三段134號5樓,02-4055-6868,2024-02-16T08:41:24+08:00,1252,CSH,FM,CN
FO,Felix Airways,,Felix Airways,,"",,,2024-02-16T08:41:24+08:00,1252,FXX,FO,
FP,Freedom Air (Guam),,Freedom Air (Guam),,"",,,2024-02-16T08:41:24+08:00,1252,FRE,FP,
FQ,Brindabella Airlines,,Brindabella Airlines,,"",,,2024-02-16T08:41:24+08:00,1252,BRI,FQ,
FR,Ryanair,,Ryanair,,"",,,2024-02-16T08:41:24+08:00,1252,RYR,FR,
FS,ItAli Airlines,,ItAli Airlines,,"",,,2024-02-16T08:41:24+08:00,1252,ACL,FS,
FV,Rossiya Airlines,,Rossiya Airlines,,"",,,2024-02-16T08:41:24+08:00,1252,SDM,FV,
FW,Fair,,Fair,,"",,,2024-02-16T08:41:24+08:00,1252,IBX,FW,
FX,FedEx Express,美商聯邦快遞股份有限公司,FedEx Express,聯邦,"",臺北市中山區中山北路2段61號9樓,,2024-02-16T08:41:24+08:00,1252,FDX,FX,US
FY,Firefly,,Firefly,,"",,,2024-02-16T08:41:24+08:00,1252,FFM,FY,
G3,GOL Linhas Aereas,,GOL Linhas Aereas,,"",,,2024-02-16T08:41:24+08:00,1252,GLO,G3,
G4,Allegiant Air,,Allegiant Air,,"",,,2024-02-16T08:41:24+08:00,1252,AAY,G4,
G5,China Express Airlines,,China Express Airlines,,"",,,2024-02-16T08:41:24+08:00,1252,HXA,G5,
G6,Air Volga,,Air Volga,,"",,,2024-02-16T08:41:24+08:00,1252,WLG,G6,
G7,GoJet Airlines,,GoJet Airlines,,"",,,2024-02-16T08:41:24+08:00,1252,GJS,G7,
G8,Go Air,,Go Air,,"",,,2024-02-16T08:41:24+08:00,1252,GOW,G8,
G9,Air Arabia,,Air Arabia,,"",,,2024-02-16T08:41:24+08:00,1252,ABY,G9,
GA,Garuda Indonesia,印尼商印尼航空股份有限公司台灣分公司,Garuda Indonesia,印尼航空,"",台北市建國北路一段90號5樓之2,02-25072300,2024-02-16T08:41:24+08:00,1252,GIA,GA,ID
GE,TransAsia Airways,復興航空運輸股份有限公司,,復興航空,"",臺北市大同區鄭州路139號9樓,02-25575767,2024-02-16T08:41:24+08:00,1252,TNA,GE,TW
GF,Gulf Air,,Gulf Air,,"",,,2024-02-16T08:41:24+08:00,1252,GFA,GF,
GH,Globus Airlines,,Globus Airlines,,"",,,2024-02-16T08:41:24+08:00,1252,GLP,GH,
GI,Longhao Airlines,龍浩航空,Longhao Airlines,廣東龍浩航空,"",,,2024-02-16T08:41:24+08:00,1252,LHA,GI,CN
GJ,Loong Air,,Loong Air,,"",,,2024-02-16T08:41:24+08:00,1252,CDC,GJ,
GK,Jetstar Japan,捷星日本,Jetstar Japan,捷星日本,"",,,2024-02-16T08:41:24+08:00,1252,JJP,GK,JP
GL,Air Greenland,,Air Greenland,,"",,,2024-02-16T08:41:24+08:00,1252,BSK,GL,
GQ,Big Sky Airlines,,Big Sky Airlines,,"",,,2024-02-16T08:41:24+08:00,1252,BSY,GQ,
GR,Aurigny Air Services,,Aurigny Air Services,,"",,,2024-02-16T08:41:24+08:00,1252,AUR,GR,
GS,Tianjin Airlines,,Tianjin Airlines,,"",,,2024-02-16T08:41:24+08:00,1252,GCR,GS,
GV,Grant Aviation,,Grant Aviation,,"",,,2024-02-16T08:41:24+08:00,1252,GCR,GV,
GW,Kuban Airlines,,Kuban Airlines,,"",,,2024-02-16T08:41:24+08:00,1252,KIL,GW,
GX,GX Airlines,,GX Airlines,,"",,,2024-02-16T08:41:24+08:00,1252,CBG,GX,
GY,Gabon Airlines,,Gabon Airlines,,"",,,2024-02-16T08:41:24+08:00,1252,GBK,GY,
GZ,Air Rarotonga,,Air Rarotonga,,"",,,2024-02-16T08:41:24+08:00,1252,RAR,GZ,
H2,SKY Airline,,SKY Airline,,"",,,2024-02-16T08:41:24+08:00,1252,SKU,H2,
H3,Harbour Air,,Harbour Air,,"",,,2024-02-16T08:41:24+08:00,1252,HES,H3,
H4,Heli Securite,,Heli Securite,,"",,,2024-02-16T08:41:24+08:00,1252,HLI,H4,
H6,Hageland Aviation,,Hageland Aviation,,"",,,2024-02-16T08:41:24+08:00,1252,HAG,H6,
H7,Eagle Air,,Eagle Air,,"",,,2024-02-16T08:41:24+08:00,1252,EGU,H7,
H8,Dalavia Far East Airways,,Dalavia Far East Airways,,"",,,2024-02-16T08:41:24+08:00,1252,KHB,H8,
HA,Hawaiian Airlines,夏威夷航空,Hawaiian Airlines,夏威夷航空,"",,,2024-02-16T08:41:24+08:00,1252,HAL,HA,US
HB,Greater Bay Airlines,大灣區航空,Greater Bay Airlines,大灣區航空,"",,,2024-02-16T08:41:24+08:00,1252,HGB,HB,HK
HD,Hokkaido International Airlines/,北海道國際,Hokkaido International Airlines/,北海道國際,"",,,2024-02-16T08:41:24+08:00,1252,ADO,HD,
HE,Luftfahrtgesellschaft Walter,,Luftfahrtgesellschaft Walter,,"",,,2024-02-16T08:41:24+08:00,1252,LGW,HE,
HG,Niki,,Niki,,"",,,2024-02-16T08:41:24+08:00,1252,NLY,HG,
HH,Air Hamburg,,Air Hamburg,,"",,,2024-02-16T08:41:24+08:00,1252,AHO,HH,
HK,Yangon Airways Limited,,Yangon Airways Limited,,"",,,2024-02-16T08:41:24+08:00,1252,FSC,HK,
HM,Air Seychelles,,Air Seychelles,,"",,,2024-02-16T08:41:24+08:00,1252,SEY,HM,
HO,Juneyao Airlines,吉祥航空,Juneyao Airlines,吉祥航空,"",,,2024-02-16T08:41:24+08:00,1252,DKH,HO,CN
HR,Hahn Air Lines,,Hahn Air Lines,,"",,,2024-02-16T08:41:24+08:00,1252,HHN,HR,
HS,Direktflyg,,Direktflyg,,"",,,2024-02-16T08:41:24+08:00,1252,HSV,HS,
HT,Hellenic Imperial Airways,,Hellenic Imperial Airways,,"",,,2024-02-16T08:41:24+08:00,1252,IMP,HT,
HU,Hainan Airlines,海南航空股份有限公司,Hainan Airlines,海南航空,"",台北市松山區民生東路3段156號19樓之3,02-27139555,2024-02-16T08:41:24+08:00,1252,CHH,HU,CN
HV,Transavia Airlines,,Transavia Airlines,,"",,,2024-02-16T08:41:24+08:00,1252,TRA,HV,
HW,Hello,,Hello,,"",,,2024-02-16T08:41:24+08:00,1252,FHE,HW,
HX,Hong Kong Airlines,香港航空有限公司,Hong Kong Airlines,香港航空,"",,,2024-02-16T08:41:24+08:00,1252,CRK,HX,HK
HY,Uzbekistan Airways,,Uzbekistan Airways,,"",,,2024-02-16T08:41:24+08:00,1252,UZB,HY,
HZ,SAT Sakhalin Airlines,,SAT Sakhalin Airlines,,"",,,2024-02-16T08:41:24+08:00,1252,SHU,HZ,
I4,Interstate Airlines,,Interstate Airlines,,"",,,2024-02-16T08:41:24+08:00,1252,FWA,I4,
I5,Compagnie AAcrienne du Mali,,Compagnie AAcrienne du Mali,,"",,,2024-02-16T08:41:24+08:00,1252,CMM,I5,
I7,Paramount Airways,,Paramount Airways,,"",,,2024-02-16T08:41:24+08:00,1252,PMW,I7,
I9,Air Italy,,Air Italy,,"",,,2024-02-16T08:41:24+08:00,1252,AEY,I9,
IA,Iraqi Airways,,Iraqi Airways,,"",,,2024-02-16T08:41:24+08:00,1252,IAW,IA,
IB,IBERIA,,IBERIA,,"",,,2024-02-16T08:41:24+08:00,1252,IBE,IB,
IC,Indian Airlines,,Indian Airlines,,"",,,2024-02-16T08:41:24+08:00,1252,IAC,IC,
ID,Batik Air,巴澤航空,Batik Air,巴澤航空,"",,,2024-02-16T08:41:24+08:00,1252,BTK,ID,ID
IE,Solomon Airlines,,Solomon Airlines,,"",,,2024-02-16T08:41:24+08:00,1252,SOL,IE,
IF,Islas Airways,,Islas Airways,,"",,,2024-02-16T08:41:24+08:00,1252,ISW,IF,
IG,Air Italy,,Air Italy,,"",,,2024-02-16T08:41:24+08:00,1252,ISS,IG,
IH,Irtysh Air,,Irtysh Air,,"",,,2024-02-16T08:41:24+08:00,1252,MZA,IH,
IK,Pegas Fly,,Pegas Fly,,"",,,2024-02-16T08:41:24+08:00,1252,KAR,IK,
IM,Mint Airways,,Mint Airways,,"",,,2024-02-16T08:41:24+08:00,1252,MIC,IM,
IQ,Augsburg Airways,,Augsburg Airways,,"",,,2024-02-16T08:41:24+08:00,1252,AUB,IQ,
IR,Iran Air,,Iran Air,,"",,,2024-02-16T08:41:24+08:00,1252,IRA,IR,
IS,Island Airlines,,Island Airlines,,"",,,2024-02-16T08:41:24+08:00,1252,SWW,IS,
IT,Tigerair Taiwan,臺灣虎航,Tigerair Taiwan,臺灣虎航,"",,,2024-02-16T08:41:24+08:00,1252,TTW,IT,
IV,Wind Jet,,Wind Jet,,"",,,2024-02-16T08:41:24+08:00,1252,JET,IV,
IW,Wings Air,,Wings Air,,"",,,2024-02-16T08:41:24+08:00,1252,WON,IW,
IX,Air India Express,,Air India Express,,"",,,2024-02-16T08:41:24+08:00,1252,AXB,IX,
IY,Yemenia Yemen Airways,,Yemenia Yemen Airways,,"",,,2024-02-16T08:41:24+08:00,1252,IYE,IY,
IZ,Arkia Israeli Airlines,,Arkia Israeli Airlines,,"",,,2024-02-16T08:41:24+08:00,1252,AIZ,IZ,
J0,JetLink Express,,JetLink Express,,"",,,2024-02-16T08:41:24+08:00,1252,JLX,J0,
J2,Azerbaijan Airlines,,Azerbaijan Airlines,,"",,,2024-02-16T08:41:24+08:00,1252,AHY,J2,
J3,Northwestern Air Lease,,Northwestern Air Lease,,"",,,2024-02-16T08:41:24+08:00,1252,PLR,J3,
J4,Buffalo Airways,,Buffalo Airways,,"",,,2024-02-16T08:41:24+08:00,1252,BFL,J4,
J6,Larrys Flying Service,,Larrys Flying Service,,"",,,2024-02-16T08:41:24+08:00,1252,VCR,J6,
J7,Centre-Avia Airlines,,Centre-Avia Airlines,,"",,,2024-02-16T08:41:24+08:00,1252,CVC,J7,
J8,Berjaya Air,,Berjaya Air,,"",,,2024-02-16T08:41:24+08:00,1252,BVT,J8,
J9,Jazeera Airways,,Jazeera Airways,,"",,,2024-02-16T08:41:24+08:00,1252,JZR,J9,
JA,BH Airlines,,BH Airlines,,"",,,2024-02-16T08:41:24+08:00,1252,BON,JA,
JB,Helijet International,,Helijet International,,"",,,2024-02-16T08:41:24+08:00,1252,JBA,JB,
JC,JAL Express,,JAL Express,,"",,,2024-02-16T08:41:24+08:00,1252,JEX,JC,
JD,Capital Airlines,,Capital Airlines,,"",,,2024-02-16T08:41:24+08:00,1252,CBJ,JD,
JE,Mango,,Mango,,"",,,2024-02-16T08:41:24+08:00,1252,MNO,JE,
JF,Jetairfly,,Jetairfly,,"",,,2024-02-16T08:41:24+08:00,1252,JAF,JF,
JH,Fuji Dream Airlines,,Fuji Dream Airlines,,"",,,2024-02-16T08:41:24+08:00,1252,FDA,JH,
JJ,LATAM Airlines Brasil,,LATAM Airlines Brasil,,"",,,2024-02-16T08:41:24+08:00,1252,TAM,JJ,
JK,Spanair,,Spanair,,"",,,2024-02-16T08:41:24+08:00,1252,JKK,JK,
JL,Japan Airlines,日本航空,Japan Airlines,日本航空,"",,,2024-02-16T08:41:24+08:00,1252,JAL,JL,JP
JM,Air Jamaica,,Air Jamaica,,"",,,2024-02-16T08:41:24+08:00,1252,AJM,JM,
JN,Avia Jaynar,,Avia Jaynar,,"",,,2024-02-16T08:41:24+08:00,1252,SAP,JN,
JO,JALways,,JALways,,"",,,2024-02-16T08:41:24+08:00,1252,JAZ,JO,
JP,Adria Airways,,Adria Airways,,"",,,2024-02-16T08:41:24+08:00,1252,ADR,JP,
JQ,Jetstar Airways,,Jetstar Airways,,"",,,2024-02-16T08:41:24+08:00,1252,JST,JQ,
JR,Joy Air,,Joy Air,,"",,,2024-02-16T08:41:24+08:00,1252,JOY,JR,
JS,Air Koryo,,Air Koryo,,"",,,2024-02-16T08:41:24+08:00,1252,KOR,JS,
JT,Lion Air,,Lion Air,,"",,,2024-02-16T08:41:24+08:00,1252,LNI,JT,
JU,Air Serbia,,Air Serbia,,"",,,2024-02-16T08:41:24+08:00,1252,ASL,JU,
JV,Bearskin Airlines,,Bearskin Airlines,,"",,,2024-02-16T08:41:24+08:00,1252,BLS,JV,
JW,Arrow Air,香草航空,Arrow Air,香草航空,"",,,2024-02-16T08:41:24+08:00,1252,VNL,JW,JP
JX,STARLUX Airlines,星宇航空,STARLUX Airlines,星宇航空,"",,,2024-02-16T08:41:24+08:00,1252,SJX,JX,TW
JY,Air Turks and Caicos,,Air Turks and Caicos,,"",,,2024-02-16T08:41:24+08:00,1252,IWY,JY,
JZ,Skyways,,Skyways,,"",,,2024-02-16T08:41:24+08:00,1252,SKX,JZ,
K2,EuroLOT,,EuroLOT,,"",,,2024-02-16T08:41:24+08:00,1252,ELO,K2,
K3,Taquan Air Services,,Taquan Air Services,,"",,,2024-02-16T08:41:24+08:00,1252,TQN,K3,
K4,Kalitta Air,卡利塔航空,Kalitta Air,卡利塔航空,"",,,2024-02-16T08:41:24+08:00,1252,CKS,K4,
K5,Wings of Alaska,,Wings of Alaska,,"",,,2024-02-16T08:41:24+08:00,1252,WAK,K5,
K6,Cambodia Angkor Air,,Cambodia Angkor Air,,"",,,2024-02-16T08:41:24+08:00,1252,KHV,K6,
K7,KoralBlue Airlines,,KoralBlue Airlines,,"",,,2024-02-16T08:41:24+08:00,1252,KBR,K7,
K9,TonleSap Airlines,通里薩航空,,,"",,,2024-02-16T08:41:24+08:00,1252,TSP,K9,
KA,Cathay Dragon,國泰港龍,Cathay Dragon,國泰港龍,"",,,2024-02-16T08:41:24+08:00,1252,HDA,KA,HK
KB,Druk Air,,Druk Air,,"",,,2024-02-16T08:41:24+08:00,1252,DRK,KB,
KC,Air Astana,,Air Astana,,"",,,2024-02-16T08:41:24+08:00,1252,KZR,KC,
KE,Korean Air,大韓航空公司,Korean Air,大韓航空,"",台北市松江路87號3樓C室,02-2518-2200,2024-02-16T08:41:24+08:00,1252,KAL,KE,KR
KF,Blue1,,Blue1,,"",,,2024-02-16T08:41:24+08:00,1252,BLF,KF,
KG,Aerogaviota,,Aerogaviota,,"",,,2024-02-16T08:41:24+08:00,1252,GTV,KG,
KK,AtlasGlobal,,AtlasGlobal,,"",,,2024-02-16T08:41:24+08:00,1252,KKK,KK,
KL,KLM,荷蘭皇家航空公司,KLM,荷蘭航空,"",,,2024-02-16T08:41:24+08:00,1252,KLM,KL,NL
KM,Air Malta,,Air Malta,,"",,,2024-02-16T08:41:24+08:00,1252,AMC,KM,
KN,China United Airlines,,China United Airlines,,"",,,2024-02-16T08:41:24+08:00,1252,CUA,KN,
KO,Khors Aircompany,,Khors Aircompany,,"",,,2024-02-16T08:41:24+08:00,1252,KHO,KO,
KQ,Kenya Airways,,Kenya Airways,,"",,,2024-02-16T08:41:24+08:00,1252,KQA,KQ,
KR,Cambodia Airways,柬埔寨航空,Cambodia Airways,柬埔寨航空,"",,,2024-02-16T08:41:24+08:00,1252,KME,KR,KH
KS,Penair,,Penair,,"",,,2024-02-16T08:41:24+08:00,1252,PEN,KS,
KU,Kuwait Airways,,Kuwait Airways,,"",,,2024-02-16T08:41:24+08:00,1252,KAC,KU,
KV,Kavminvodyavia,,Kavminvodyavia,,"",,,2024-02-16T08:41:24+08:00,1252,MVD,KV,
KX,Cayman Airways,,Cayman Airways,,"",,,2024-02-16T08:41:24+08:00,1252,CAY,KX,
KY,Kunming Airlines,,Kunming Airlines,,"",,,2024-02-16T08:41:24+08:00,1252,KNA,KY,
KZ,NCA - Nippon Cargo Airlines,日本貨物航空株式會社,NCA - Nippon Cargo Airlines,日本貨航,"",台北市忠孝東路二段130號5樓之一,02-23956801,2024-02-16T08:41:24+08:00,1252,NCA,KZ,JP
L3,Lynx Aviation,,Lynx Aviation,,"",,,2024-02-16T08:41:24+08:00,1252,SSX,L3,
L5,CHC Helikopter Service,,CHC Helikopter Service,,"",,,2024-02-16T08:41:24+08:00,1252,HKS,L5,
L6,Mauritania Airlines Internationa,,Mauritania Airlines Internationa,,"",,,2024-02-16T08:41:24+08:00,1252,MAI,L6,
L7,Lugansk Airlines,,Lugansk Airlines,,"",,,2024-02-16T08:41:24+08:00,1252,LHS,L7,
LA,LATAM Airlines Group,,LATAM Airlines Group,,"",,,2024-02-16T08:41:24+08:00,1252,LAN,LA,
LC,Loganair,,Loganair,,"",,,2024-02-16T08:41:24+08:00,1252,LOG,LC,
LD,AHK Air Hong Kong Ltd.,香港華民航空有限公司,,華民航空,"",台北市民生東路三段129號12樓,02-2714-9605,2024-02-16T08:41:24+08:00,1252,AHK,LD,HK
LE,Efly,,Efly,,"",,,2024-02-16T08:41:24+08:00,1252,LEF,LE,
LG,Luxair,,Luxair,,"",,,2024-02-16T08:41:24+08:00,1252,LGL,LG,
LH,Lufthansa Cargo,德國航空,Lufthansa,德國航空,"",,,2024-02-16T08:41:24+08:00,1252,GEC,LH,DE
LI,LIAT Airlines,,LIAT Airlines,,"",,,2024-02-16T08:41:24+08:00,1252,LIA,LI,
LJ,JINAIR Co. Ltd.,真航空股份有限公司,,真航空,"",台北市長安東路一段25號11樓,02-25682121,2024-02-16T08:41:24+08:00,1252,JNA,LJ,KR
LL,Miami Air International,,Miami Air International,,"",,,2024-02-16T08:41:24+08:00,1252,BSK,LL,
LM,Livingston Energy Flight,,Livingston Energy Flight,,"",,,2024-02-16T08:41:24+08:00,1252,ALM,LM,
LN,Libyan Arab Airlines,,Libyan Arab Airlines,,"",,,2024-02-16T08:41:24+08:00,1252,LAA,LN,
LO,LOT Polish Airlines,波蘭航空,LOT Polish Airlines,波蘭航空,"",,,2024-02-16T08:41:24+08:00,1252,LOT,LO,
LP,LATAM Airlines Peru,,LATAM Airlines Peru,,"",,,2024-02-16T08:41:24+08:00,1252,LPE,LP,
LQ,Lanmei,瀾湄航空,Lanmei,瀾湄航空,"",,,2024-02-16T08:41:24+08:00,1252,MKR,LQ,KH
LR,Avianca Costa Rica,,Avianca Costa Rica,,"",,,2024-02-16T08:41:24+08:00,1252,LRC,LR,
LS,Jet2.com,,Jet2.com,,"",,,2024-02-16T08:41:24+08:00,1252,EXS,LS,
LU,LAN Express,,LAN Express,,"",,,2024-02-16T08:41:24+08:00,1252,LXP,LU,
LV,Albanian Airlines,,Albanian Airlines,,"",,,2024-02-16T08:41:24+08:00,1252,LBC,LV,
LW,Pacific Wings,,Pacific Wings,,"",,,2024-02-16T08:41:24+08:00,1252,NMI,LW,
LX,SWISS,,SWISS,,"",,,2024-02-16T08:41:24+08:00,1252,SWR,LX,
LY,EL AL,以色列航空,EL AL,以色列航空,"",,,2024-02-16T08:41:24+08:00,1252,ELY,LY,
M0,Amiri Flight,,Amiri Flight,,"",,,2024-02-16T08:41:24+08:00,1252,MNG,M0,
M3,LATAM Cargo Brasil,,LATAM Cargo Brasil,,"",,,2024-02-16T08:41:24+08:00,1252,LTG,M3,
M4,Mistral Air,,Mistral Air,,"",,,2024-02-16T08:41:24+08:00,1252,MSA,M4,
M5,Kenmore Air,,Kenmore Air,,"",,,2024-02-16T08:41:24+08:00,1252,KEN,M5,
M6,Amerijet International,,Amerijet International,,"",,,2024-02-16T08:41:24+08:00,1252,AJT,M6,
M7,LATAM Cargo Mexico,,LATAM Cargo Mexico,,"",,,2024-02-16T08:41:24+08:00,1252,MAA,M7,
M8,Magnum Air,凱捷航空,Magnum Air,凱捷航空,"",,,2024-02-16T08:41:24+08:00,1252,MSJ,M8,
M9,Motor Sich Aviakompania,,Motor Sich Aviakompania,,"",,,2024-02-16T08:41:24+08:00,1252,MOD,M9,
MA,Malev Hungarian Airlines,,Malev Hungarian Airlines,,"",,,2024-02-16T08:41:24+08:00,1252,MAH,MA,
MC,Air Cairo,,Air Cairo,,"",,,2024-02-16T08:41:24+08:00,1252,MSC,MC,
MD,Air Madagascar,,Air Madagascar,,"",,,2024-02-16T08:41:24+08:00,1252,MDG,MD,
ME,MEA,,MEA,,"",,,2024-02-16T08:41:24+08:00,1252,MEA,ME,
MF,Xiamen Airlines,廈門航空公司,Xiamen Airlines,廈門航空,"",,,2024-02-16T08:41:24+08:00,1252,CXA,MF,CN
MH,Malaysia Airlines,馬來西亞航空公司,Malaysia Airlines,馬來西亞,"",105 台北市敦化北路102號2樓,02-27168388,2024-02-16T08:41:24+08:00,1252,MAS,MH,MY
MI,Silkair,勝安航空,Silkair,勝安航空,"",,,2024-02-16T08:41:24+08:00,1252,SLK,MI,
MJ,Mihin Lanka,,Mihin Lanka,,"",,,2024-02-16T08:41:24+08:00,1252,MLR,MJ,
MK,Air Mauritius,,Air Mauritius,,"",,,2024-02-16T08:41:24+08:00,1252,MAU,MK,
MM,Euroatlantic Airways,樂桃航空,Euroatlantic Airways,樂桃航空,"",,,2024-02-16T08:41:24+08:00,1252,APJ,MM,JP
MN,Comair,,Comair,,"",,,2024-02-16T08:41:24+08:00,1252,CAW,MN,
MO,Abu Dhabi Amiri Flight,,Abu Dhabi Amiri Flight,,"",,,2024-02-16T08:41:24+08:00,1252,CAV,MO,
MP,Martinair Cargo,馬丁航空,Martinair Cargo,,"",,,2024-02-16T08:41:24+08:00,1252,MPH,MP,NL
MQ,American Eagle Airlines,,American Eagle Airlines,,"",,,2024-02-16T08:41:24+08:00,1252,EGF,MQ,
MS,Egyptair,,Egyptair,,"",,,2024-02-16T08:41:24+08:00,1252,MSR,MS,
MT,Thomas Cook Airlines UK,,Thomas Cook Airlines UK,,"",,,2024-02-16T08:41:24+08:00,1252,TCX,MT,
MU,China Eastern,中國東方航空股份有限公司,China Eastern,東方航空,"",台北市民生東路三段134號5樓,02-4055-6868,2024-02-16T08:41:24+08:00,1252,CES,MU,CN
MV,Maldivian Air Taxi,,Maldivian Air Taxi,,"",,,2024-02-16T08:41:24+08:00,1252,MAT,MV,
MW,Maya Island Air,,Maya Island Air,,"",,,2024-02-16T08:41:24+08:00,1252,MAY,MW,
MY,Midwest Airlines,,Midwest Airlines,,"",,,2024-02-16T08:41:24+08:00,1252,MWA,MY,
MZ,Merpati Nusantara Airlines,,Merpati Nusantara Airlines,,"",,,2024-02-16T08:41:24+08:00,1252,MNA,MZ,
N2,Dagestan Airlines,,Dagestan Airlines,,"",,,2024-02-16T08:41:24+08:00,1252,DAG,N2,
N3,Aerolineas Mas,馬來西亞,Aerolineas Mas,,"",,,2024-02-16T08:41:24+08:00,1252,MAS,N3,MY
N4,Nordwind Airlines,,Nordwind Airlines,,"",,,2024-02-16T08:41:24+08:00,1252,NWS,N4,
N5,Medavia,,Medavia,,"",,,2024-02-16T08:41:24+08:00,1252,MDM,N5,
N8,National Airlines,國家航空,National Airlines,國家航空,"",,,2024-02-16T08:41:24+08:00,1252,MUA,N8,
N9,Air Aland,,Air Aland,,"",,,2024-02-16T08:41:24+08:00,1252,NVD,N9,
NA,North American Airlines,,North American Airlines,,"",,,2024-02-16T08:41:24+08:00,1252,NAO,NA,
NB,Sterling European,,Sterling European,,"",,,2024-02-16T08:41:24+08:00,1252,SNB,NB,
NC,National Jet Systems,,National Jet Systems,,"",,,2024-02-16T08:41:24+08:00,1252,GTY,NC,
NF,Air Vanuatu,,Air Vanuatu,,"",,,2024-02-16T08:41:24+08:00,1252,AVN,NF,
NG,Lauda Air,,Lauda Air,,"",,,2024-02-16T08:41:24+08:00,1252,LDA,NG,
NH,ANA - All Nippon Airways,日商全日本空輸股份有限公司  台灣分公司,ANA - All Nippon Airways,全日本空輸,"",台北市中山區中山北路二段129號3樓之3,02-2562-6898,2024-02-16T08:41:24+08:00,1252,ANA,NH,JP
NI,PGA-Portugalia Airlines,,PGA-Portugalia Airlines,,"",,,2024-02-16T08:41:24+08:00,1252,PGA,NI,
NJ,Aero VIP (Argentina),,Aero VIP (Argentina),,"",,,2024-02-16T08:41:24+08:00,1252,AOG,NJ,
NK,Spirit Airlines,,Spirit Airlines,,"",,,2024-02-16T08:41:24+08:00,1252,NKS,NK,
NL,Shaheen Air International,,Shaheen Air International,,"",,,2024-02-16T08:41:24+08:00,1252,SAI,NL,
NM,Manx2,,Manx2,,"",,,2024-02-16T08:41:24+08:00,1252,BPS,NM,
NN,VIM Airlines,,VIM Airlines,,"",,,2024-02-16T08:41:24+08:00,1252,MOV,NN,
NO,Neos,,Neos,,"",,,2024-02-16T08:41:24+08:00,1252,NOS,NO,
NP,Nile Air,,Nile Air,,"",,,2024-02-16T08:41:24+08:00,1252,NIA,NP,
NQ,Air Japan,,Air Japan,,"",,,2024-02-16T08:41:24+08:00,1252,AJX,NQ,
NS,Hebei Airlines,河北航空,Hebei Airlines,河北航空,"",,,2024-02-16T08:41:24+08:00,1252,HBH,NS,CN
NT,Binter Canarias,,Binter Canarias,,"",,,2024-02-16T08:41:24+08:00,1252,IBB,NT,
NU,Japan Transocean Air,,Japan Transocean Air,,"",,,2024-02-16T08:41:24+08:00,1252,JTA,NU,
NV,Air Central,,Air Central,,"",,,2024-02-16T08:41:24+08:00,1252,CRF,NV,
NW,Northwest Airlines,西北航空,,西北航空,"",,,2024-02-16T08:41:24+08:00,1252,NWA,NW,US
NX,Air Macau,澳門航空股份有限公司,Air Macau,澳門航空,"",台北市民生東路三段134號6樓,02-27156585,2024-02-16T08:41:24+08:00,1252,AMU,NX,MO
NY,Air Iceland,,Air Iceland,,"",,,2024-02-16T08:41:24+08:00,1252,FNA,NY,
NZ,Air New Zealand,紐西蘭航空,Air New Zealand,紐西蘭航空,"",,,2024-02-16T08:41:24+08:00,1252,ANZ,NZ,
O2,Jet Air,,Jet Air,,"",,,2024-02-16T08:41:24+08:00,1252,JEA,O2,
O3,SF Airlines,順豐航空,SF Airlines,順豐航空,"",,,2024-02-16T08:41:24+08:00,1252,CSS,O3,CN
O4,Antrak Air,,Antrak Air,,"",,,2024-02-16T08:41:24+08:00,1252,ABV,O4,
O5,Comores Aviation,,Comores Aviation,,"",,,2024-02-16T08:41:24+08:00,1252,KMZ,O5,
O6,Avianca Brasil,,Avianca Brasil,,"",,,2024-02-16T08:41:24+08:00,1252,ONE,O6,
O9,Nova Airways,,Nova Airways,,"",,,2024-02-16T08:41:24+08:00,1252,NOV,O9,
OC,Catovair,,Catovair,,"",,,2024-02-16T08:41:24+08:00,1252,ABL,OC,
OD,Malindo Air,(馬)峇迪,Malindo Air,(馬)峇迪,"",,,2024-02-16T08:41:24+08:00,1252,MXD,OD,MY
OF,Overland Airways,,Overland Airways,,"",,,2024-02-16T08:41:24+08:00,1252,OLA,OF,
OH,Comair,,Comair,,"",,,2024-02-16T08:41:24+08:00,1252,COM,OH,
OJ,Overland Airways,,Overland Airways,,"",,,2024-02-16T08:41:24+08:00,1252,OLA,OJ,
OK,Czech Airlines,捷克航空公司,Czech Airlines,捷克航空,"",台北市南京東路2段137號8樓,(02)25092471,2024-02-16T08:41:24+08:00,1252,CSA,OK,CZ
OL,OLT,,OLT,,"",,,2024-02-16T08:41:24+08:00,1252,OLT,OL,
OM,MIAT,,MIAT,,"",,,2024-02-16T08:41:24+08:00,1252,MGL,OM,
ON,Our Airline,,Our Airline,,"",,,2024-02-16T08:41:24+08:00,1252,RON,ON,
OP,Olympic Air,,Olympic Air,,"",,,2024-02-16T08:41:24+08:00,1252,NOA,OP,
OQ,Chongqing Airlines,,Chongqing Airlines,,"",,,2024-02-16T08:41:24+08:00,1252,CQN,OQ,
OR,Arkefly,,Arkefly,,"",,,2024-02-16T08:41:24+08:00,1252,TFL,OR,
OS,Austrian,奧地利,Austrian,奧地利,"",,,2024-02-16T08:41:24+08:00,1252,AUA,OS,
OT,Aeropelican Air Services,,Aeropelican Air Services,,"",,,2024-02-16T08:41:24+08:00,1252,PEL,OT,
OU,Croatia Airlines,,Croatia Airlines,,"",,,2024-02-16T08:41:24+08:00,1252,CTN,OU,
OV,Estonian Air,,Estonian Air,,"",,,2024-02-16T08:41:24+08:00,1252,ELL,OV,
OX,Orient Thai Airlines,,Orient Thai Airlines,,"",,,2024-02-16T08:41:24+08:00,1252,OEA,OX,
OY,Andes LA-neas AAcreas,,Andes LA-neas AAcreas,,"",,,2024-02-16T08:41:24+08:00,1252,ANS,OY,
OZ,Asiana Airlines,韓商韓亞航空(股)公司台北分公司,Asiana Airlines,韓亞航空,"",台北市南京東路二段101號9樓,02-2521-9046,2024-02-16T08:41:24+08:00,1252,AAR,OZ,KR
P0,Proflight Commuter Services,,Proflight Commuter Services,,"",,,2024-02-16T08:41:24+08:00,1252,PFZ,P0,
P2,Panair,,Panair,,"",,,2024-02-16T08:41:24+08:00,1252,PIT,P2,
P4,Air Peace,,Air Peace,,"",,,2024-02-16T08:41:24+08:00,1252,APK,P4,
P5,Aero Republica,,Aero Republica,,"",,,2024-02-16T08:41:24+08:00,1252,RPB,P5,
P6,Pascan Aviation,,Pascan Aviation,,"",,,2024-02-16T08:41:24+08:00,1252,PSC,P6,
P7,Palau Airways,帛琉航空股份有限公司,,帛琉航空,"",,,2024-02-16T08:41:24+08:00,1252,PAU,P7,PW
P8,Pantanal Linhas Aereas,,Pantanal Linhas Aereas,,"",,,2024-02-16T08:41:24+08:00,1252,PTN,P8,
P9,Puma Air Linhas AAcreas,,Puma Air Linhas AAcreas,,"",,,2024-02-16T08:41:24+08:00,1252,PLY,P9,
PB,Provincial Airlines,,Provincial Airlines,,"",,,2024-02-16T08:41:24+08:00,1252,SPR,PB,
PC,Pegasus Airlines,,Pegasus Airlines,,"",,,2024-02-16T08:41:24+08:00,1252,PGT,PC,
PD,Porter Airlines,,Porter Airlines,,"",,,2024-02-16T08:41:24+08:00,1252,POE,PD,
PE,Phoebus Apollo Aviation,,Phoebus Apollo Aviation,,"",,,2024-02-16T08:41:24+08:00,1252,PHB,PE,
PF,Palestinian Airlines,,Palestinian Airlines,,"",,,2024-02-16T08:41:24+08:00,1252,PNW,PF,
PG,Bangkok Airways,曼谷航空,Bangkok Airways,曼谷航空,"",,,2024-02-16T08:41:24+08:00,1252,BKP,PG,TH
PH,Polynesian,,Polynesian,,"",,,2024-02-16T08:41:24+08:00,1252,PAO,PH,
PJ,Air St. Pierre,,Air St. Pierre,,"",,,2024-02-16T08:41:24+08:00,1252,AOA,PJ,
PK,Pakistan International Airlines,,Pakistan International Airlines,,"",,,2024-02-16T08:41:24+08:00,1252,PIA,PK,
PL,Airstars,,Airstars,,"",,,2024-02-16T08:41:24+08:00,1252,ASE,PL,
PM,Pamir Airways,,Pamir Airways,,"",,,2024-02-16T08:41:24+08:00,1252,PIR,PM,
PN,West Air,,West Air,,"",,,2024-02-16T08:41:24+08:00,1252,CHB,PN,
PO,Polar Air Cargo,博立航空,,博立航空,"",,,2024-02-16T08:41:24+08:00,1252,PAC,PO,US
PQ,AirAsia Philippines,菲亞洲航空,,菲亞洲航空,"",,,2024-02-16T08:41:24+08:00,1252,APG,PQ,PH
PR,Philippine Airlines,菲律賓航空公司,Philippine Airlines,菲律賓航空,"",台北市松江路139號11樓之一,02-25067383,2024-02-16T08:41:24+08:00,1252,PAL,PR,PH
PS,Ukraine International Airlines,,Ukraine International Airlines,,"",,,2024-02-16T08:41:24+08:00,1252,AUI,PS,
PU,PLUNA,,PLUNA,,"",,,2024-02-16T08:41:24+08:00,1252,PUA,PU,
PV,PrivatAir,,PrivatAir,,"",,,2024-02-16T08:41:24+08:00,1252,PTI,PV,
PW,Precision Air,,Precision Air,,"",,,2024-02-16T08:41:24+08:00,1252,PRF,PW,
PX,Air Niugini,,Air Niugini,,"",,,2024-02-16T08:41:24+08:00,1252,ANG,PX,
PY,Surinam Airways,,Surinam Airways,,"",,,2024-02-16T08:41:24+08:00,1252,SLM,PY,
PZ,LATAM Airlines Paraguay,,LATAM Airlines Paraguay,,"",,,2024-02-16T08:41:24+08:00,1252,LAP,PZ,
Q2,Island Aviation,,Island Aviation,,"",,,2024-02-16T08:41:24+08:00,1252,DQA,Q2,
Q4,Swazi Express Airways,,Swazi Express Airways,,"",,,2024-02-16T08:41:24+08:00,1252,SWX,Q4,
Q5,40-Mile Air,,40-Mile Air,,"",,,2024-02-16T08:41:24+08:00,1252,MLA,Q5,
Q6,Skytrans Airlines,,Skytrans Airlines,,"",,,2024-02-16T08:41:24+08:00,1252,SKP,Q6,
Q8,Trans Air Congo,,Trans Air Congo,,"",,,2024-02-16T08:41:24+08:00,1252,PEC,Q8,
Q9,Afrinat International Airlines,,Afrinat International Airlines,,"",,,2024-02-16T08:41:24+08:00,1252,AFU,Q9,
QB,Georgian National Airlines,,Georgian National Airlines,,"",,,2024-02-16T08:41:24+08:00,1252,GFG,QB,
QD,Air Class Lineas Aereas/AeroVIP,景成國際,Air Class Lineas Aereas/AeroVIP,景成國際,"",,,2024-02-16T08:41:24+08:00,1252,JCC,QD,
QF,Qantas,澳洲航空,Qantas,澳洲航空,"",,,2024-02-16T08:41:24+08:00,1252,QFA,QF,AU
QH,Altyn Air Airlines,越竹航空,Altyn Air Airlines,越竹航空,"",,,2024-02-16T08:41:24+08:00,1252,LYN,QH,
QI,Cimber Air,,Cimber Air,,"",,,2024-02-16T08:41:24+08:00,1252,CIM,QI,
QK,Air Canada Jazz,,Air Canada Jazz,,"",,,2024-02-16T08:41:24+08:00,1252,JZA,QK,
QM,Air Malawi,,Air Malawi,,"",,,2024-02-16T08:41:24+08:00,1252,AML,QM,
QN,Air Armenia,,Air Armenia,,"",,,2024-02-16T08:41:24+08:00,1252,ARR,QN,
QQ,Alliance Airlines,,Alliance Airlines,,"",,,2024-02-16T08:41:24+08:00,1252,UTY,QQ,
QR,Qatar Airways,,Qatar Airways,,"",,,2024-02-16T08:41:24+08:00,1252,QTR,QR,
QS,Smart Wings,,Smart Wings,,"",,,2024-02-16T08:41:24+08:00,1252,TVS,QS,
QT,TAMPA Transportes Aereos Mercant,,TAMPA Transportes Aereos Mercant,,"",,,2024-02-16T08:41:24+08:00,1252,TPA,QT,
QV,Lao Airlines,,Lao Airlines,老撾航空,"",,,2024-02-16T08:41:24+08:00,1252,LAO,QV,
QX,Horizon Air,,Horizon Air,,"",,,2024-02-16T08:41:24+08:00,1252,QXE,QX,
QZ,Indonesia AirAsia,,Indonesia AirAsia,,"",,,2024-02-16T08:41:24+08:00,1252,AWQ,QZ,
R2,Orenburg Airlines,,Orenburg Airlines,,"",,,2024-02-16T08:41:24+08:00,1252,ORB,R2,
R3,Yakutia Airlines,,Yakutia Airlines,,"",,,2024-02-16T08:41:24+08:00,1252,SUL,R3,
R5,Jordan Aviation,,Jordan Aviation,,"",,,2024-02-16T08:41:24+08:00,1252,JAV,R5,
R6,Danu Oro Transportas,,Danu Oro Transportas,,"",,,2024-02-16T08:41:24+08:00,1252,DNU,R6,
R7,Aserca Airlines,,Aserca Airlines,,"",,,2024-02-16T08:41:24+08:00,1252,OCA,R7,
R9,TAF Linhas AAcreas,,TAF Linhas AAcreas,,"",,,2024-02-16T08:41:24+08:00,1252,TSD,R9,
RA,Royal Nepal Airlines,,Royal Nepal Airlines,,"",,,2024-02-16T08:41:24+08:00,1252,RNA,RA,
RB,Syrianair,,Syrianair,,"",,,2024-02-16T08:41:24+08:00,1252,SYR,RB,
RC,Atlantic Airways,,Atlantic Airways,,"",,,2024-02-16T08:41:24+08:00,1252,FLI,RC,
RD,Ryan International Airlines,小行星航空,Ryan International Airlines,小行星航空,"",,,2024-02-16T08:41:24+08:00,1252,RYN,RD,
RE,Aer Arann,,Aer Arann,,"",,,2024-02-16T08:41:24+08:00,1252,REA,RE,
RF,Aero K,可依航空,Aero K,可依航空,"",,,2024-02-16T08:41:24+08:00,1252,EOK,RF,KR
RG,Varig Brasil,,Varig Brasil,,"",,,2024-02-16T08:41:24+08:00,1252,VRG,RG,
RH,Hong Kong Air Cargo,香港貨運航空,Hong Kong Air Cargo,香港貨運航空,"",,,2024-02-16T08:41:24+08:00,1252,HKC,RH,
RI,Mandala Airlines,,Mandala Airlines,,"",,,2024-02-16T08:41:24+08:00,1252,MDL,RI,
RJ,Royal Jordanian,,Royal Jordanian,,"",,,2024-02-16T08:41:24+08:00,1252,RJA,RJ,
RL,Royal Phnom Penh Airways,俄羅斯皇家,Royal Phnom Penh Airways,俄羅斯皇家,"",,,2024-02-16T08:41:24+08:00,1252,PPW,RL,
RM,RUTACA Airlines,,RUTACA Airlines,,"",,,2024-02-16T08:41:24+08:00,1252,RUC,RM,
RO,TAROM,,TAROM,,"",,,2024-02-16T08:41:24+08:00,1252,ROT,RO,
RP,Chautauqua Airlines,,Chautauqua Airlines,,"",,,2024-02-16T08:41:24+08:00,1252,CHQ,RP,
RQ,Kam Air,,Kam Air,,"",,,2024-02-16T08:41:24+08:00,1252,KMR,RQ,
RT,Airlines of South Australia,,Airlines of South Australia,,"",,,2024-02-16T08:41:24+08:00,1252,RKM,RT,
RU,AirBridgeCargo Airlines,空橋貨運航空,AirBridgeCargo Airlines,空橋貨運航空,"",,,2024-02-16T08:41:24+08:00,1252,ABW,RU,RU
RV,Caspian Airlines,,Caspian Airlines,,"",,,2024-02-16T08:41:24+08:00,1252,CPN,RV,
RW,Royal Air Philippines,菲律賓皇家,Royal Air Philippines,菲律賓皇家,"",,,2024-02-16T08:41:24+08:00,1252,RYL,RW,PH
RZ,Sansa Airlines,,Sansa Airlines,,"",,,2024-02-16T08:41:24+08:00,1252,LRS,RZ,
S0,Salsa dHaiti,,Salsa dHaiti,,"",,,2024-02-16T08:41:24+08:00,1252,SLC,S0,
S2,Jet Lite (India),,Jet Lite (India),,"",,,2024-02-16T08:41:24+08:00,1252,JLL,S2,
S3,Santa Barbara Airlines,,Santa Barbara Airlines,,"",,,2024-02-16T08:41:24+08:00,1252,BBR,S3,
S4,SATA Internacional,,SATA Internacional,,"",,,2024-02-16T08:41:24+08:00,1252,RZO,S4,
S5,Shuttle America,,Shuttle America,,"",,,2024-02-16T08:41:24+08:00,1252,TCF,S5,
S7,S7 Airlines,西伯利亞航空,S7 Airlines,西伯利亞航空,"",,,2024-02-16T08:41:24+08:00,1252,SBI,S7,
SA,South African Airways,中興航空公司,South African Airways,,"",,,2024-02-16T08:41:24+08:00,1252,SAA,SA,
SB,Aircalin,,Aircalin,,"",,,2024-02-16T08:41:24+08:00,1252,ACI,SB,
SC,Shandong Airlines,山東航空公司,Shandong Airlines,山東航空,"",台北市民生東路三段128號7樓之2,02-27180299,2024-02-16T08:41:24+08:00,1252,CDG,SC,CN
SD,Sudan Airways,,Sudan Airways,,"",,,2024-02-16T08:41:24+08:00,1252,SUD,SD,
SE,STAR Airlines,,STAR Airlines,,"",,,2024-02-16T08:41:24+08:00,1252,SEU,SE,
SF,Tassili Airlines,,Tassili Airlines,,"",,,2024-02-16T08:41:24+08:00,1252,DTH,SF,
SG,Spicejet,,Spicejet,,"",,,2024-02-16T08:41:24+08:00,1252,SEJ,SG,
SH,Sharp Airlines,,Sharp Airlines,,"",,,2024-02-16T08:41:24+08:00,1252,SHA,SH,
SJ,Freedom Air,,Freedom Air,,"",,,2024-02-16T08:41:24+08:00,1252,FOM,SJ,
SK,SAS,,SAS,,"",,,2024-02-16T08:41:24+08:00,1252,SAS,SK,
SL,Thai Lion Air,泰國獅子航空,Thai Lion Air,泰國獅子航空,"",,,2024-02-16T08:41:24+08:00,1252,TLM,SL,
SM,Air Cairo,,Air Cairo,,"",,,2024-02-16T08:41:24+08:00,1252,MSC,SM,
SN,Brussels Airlines,,Brussels Airlines,,"",,,2024-02-16T08:41:24+08:00,1252,BEL,SN,
SO,Slok Air Gambia,,Slok Air Gambia,,"",,,2024-02-16T08:41:24+08:00,1252,OKS,SO,
SP,SATA Air Acores,,SATA Air Acores,,"",,,2024-02-16T08:41:24+08:00,1252,SAT,SP,
SQ,Singapore Airlines,新加坡航空公司,Singapore Airlines,新加坡航空,"",台北市中山區松江路148號2樓,02-25314232,2024-02-16T08:41:24+08:00,1252,SIA,SQ,SQ
SS,Corsair International,,Corsair International,,"",,,2024-02-16T08:41:24+08:00,1252,CRL,SS,
ST,Germania,,Germania,,"",,,2024-02-16T08:41:24+08:00,1252,GMI,ST,
SU,Aeroflot,,Aeroflot,,"",,,2024-02-16T08:41:24+08:00,1252,AFL,SU,
SV,Saudi Arabian Airlines,,Saudi Arabian Airlines,,"",,,2024-02-16T08:41:24+08:00,1252,SVA,SV,
SW,Air Namibia,,Air Namibia,,"",,,2024-02-16T08:41:24+08:00,1252,NMB,SW,
SX,Sky Work Airlines,,Sky Work Airlines,,"",,,2024-02-16T08:41:24+08:00,1252,SRK,SX,
SY,Sun Country Airlines,,Sun Country Airlines,,"",,,2024-02-16T08:41:24+08:00,1252,SCX,SY,
T0,TACA Peru,,TACA Peru,,"",,,2024-02-16T08:41:24+08:00,1252,TPU,T0,
T1,Bestair,,Bestair,,"",,,2024-02-16T08:41:24+08:00,1252,BST,T1,
T2,Lotus Air,,Lotus Air,,"",,,2024-02-16T08:41:24+08:00,1252,TAS,T2,
T3,Eastern Airways,,Eastern Airways,,"",,,2024-02-16T08:41:24+08:00,1252,EZE,T3,
T4,TRIP Linhas AAcreas,,TRIP Linhas AAcreas,,"",,,2024-02-16T08:41:24+08:00,1252,TIB,T4,
T5,Turkmenistan,,Turkmenistan,,"",,,2024-02-16T08:41:24+08:00,1252,TUA,T5,
T7,Kang Pacific Airlines,,Kang Pacific Airlines,,"",,,2024-02-16T08:41:24+08:00,1252,KPA,T7,
TA,TACA,,TACA,,"",,,2024-02-16T08:41:24+08:00,1252,TAI,TA,
TC,Air Tanzania,,Air Tanzania,,"",,,2024-02-16T08:41:24+08:00,1252,ATC,TC,
TD,Atlantis European Airways,,Atlantis European Airways,,"",,,2024-02-16T08:41:24+08:00,1252,LUR,TD,
TE,TEAM Linhas AAcreas,,TEAM Linhas AAcreas,,"",,,2024-02-16T08:41:24+08:00,1252,TIM,TE,
TF,Braathens Regional Aviation,,Braathens Regional Aviation,,"",,,2024-02-16T08:41:24+08:00,1252,SCW,TF,
TG,Thai Airways International,泰商泰國航空國際有限公司台北分公司,Thai Airways International,泰國航空,"",台北市八德路2段308號7樓,02-87725222,2024-02-16T08:41:24+08:00,1252,THA,TG,TH
TH,British Airways CitiExpress,,British Airways CitiExpress,,"",,,2024-02-16T08:41:24+08:00,1252,BRT,TH,
TJ,Tradewind Aviation,,Tradewind Aviation,,"",,,2024-02-16T08:41:24+08:00,1252,GPD,TJ,
TK,Turkish Airlines,土耳其航空,Turkish Airlines,土耳其航空,"",,,2024-02-16T08:41:24+08:00,1252,THY,TK,
TL,Airnorth Regional,,Airnorth Regional,,"",,,2024-02-16T08:41:24+08:00,1252,ANO,TL,
TM,LAM,,LAM,,"",,,2024-02-16T08:41:24+08:00,1252,LAM,TM,
TN,Air Tahiti Nui,,Air Tahiti Nui,,"",,,2024-02-16T08:41:24+08:00,1252,THT,TN,
TO,President Airlines,,President Airlines,,"",,,2024-02-16T08:41:24+08:00,1252,PSD,TO,
TP,TAP Portugal,,TAP Portugal,,"",,,2024-02-16T08:41:24+08:00,1252,TAP,TP,
TR,Tiger Airways,酷航,Tiger Airways,酷航,"",,,2024-02-16T08:41:24+08:00,1252,TGW,TR,SQ
TS,Air Transat,,Air Transat,,"",,,2024-02-16T08:41:24+08:00,1252,TSC,TS,
TT,Tiger Airways Australia,欣丰虎航空,Tiger Airways Australia,,"",,,2024-02-16T08:41:24+08:00,1252,TGW,TT,
TU,Tunisair,,Tunisair,,"",,,2024-02-16T08:41:24+08:00,1252,TAR,TU,SQ
TV,Virgin Express,,Virgin Express,,"",,,2024-02-16T08:41:24+08:00,1252,VEX,TV,
TW,Tway Air,德威航空,Tway Air,德威航空,"",,,2024-02-16T08:41:24+08:00,1252,TWB,TW,KR
TX,Air Caraibes,,Air Caraibes,,"",,,2024-02-16T08:41:24+08:00,1252,FWI,TX,
TY,Air Caledonie,,Air Caledonie,,"",,,2024-02-16T08:41:24+08:00,1252,TPC,TY,
TZ,SCOOT,酷航,,酷航,"",台北市104南京東路三段61號8樓,02-25077770,2024-02-16T08:41:24+08:00,1252,SCO,TZ,SQ
U2,easyJet,,easyJet,,"",,,2024-02-16T08:41:24+08:00,1252,EZY,U2,
U3,Avies,,Avies,,"",,,2024-02-16T08:41:24+08:00,1252,AIA,U3,
U4,Buddha Air,,Buddha Air,,"",,,2024-02-16T08:41:24+08:00,1252,BHA,U4,
U5,USA 3000 Airlines,,USA 3000 Airlines,,"",,,2024-02-16T08:41:24+08:00,1252,GWY,U5,
U6,Ural Airlines,,Ural Airlines,,"",,,2024-02-16T08:41:24+08:00,1252,SVR,U6,
U7,Air Uganda,,Air Uganda,,"",,,2024-02-16T08:41:24+08:00,1252,UGA,U7,
U8,Armavia,,Armavia,,"",,,2024-02-16T08:41:24+08:00,1252,RNV,U8,
U9,Tatarstan Airlines,,Tatarstan Airlines,,"",,,2024-02-16T08:41:24+08:00,1252,TAK,U9,
UA,United Airlines,美商聯合航空股份有限公司台灣分公司,United Airlines,聯合航空,"",(106)台北市仁愛路四段2號12樓,03-2982781,2024-02-16T08:41:24+08:00,1252,UAL,UA,US
UB,Myanma Airways,,Myanma Airways,,"",,,2024-02-16T08:41:24+08:00,1252,UBA,UB,
UC,LATAM Cargo Chile,,LATAM Cargo Chile,,"",,,2024-02-16T08:41:24+08:00,1252,LCO,UC,
UD,HexAir,,HexAir,,"",,,2024-02-16T08:41:24+08:00,1252,FST,UD,
UE,Nasair,,Nasair,,"",,,2024-02-16T08:41:24+08:00,1252,NAS,UE,
UF,Ukrainian Mediterranean Airlines,,Ukrainian Mediterranean Airlines,,"",,,2024-02-16T08:41:24+08:00,1252,UKM,UF,
UG,Tuninter,,Tuninter,,"",,,2024-02-16T08:41:24+08:00,1252,SEN,UG,
UI,Eurocypria Airlines,,Eurocypria Airlines,,"",,,2024-02-16T08:41:24+08:00,1252,ECA,UI,
UJ,AlMasria Universal Airlines,,AlMasria Universal Airlines,,"",,,2024-02-16T08:41:24+08:00,1252,LMU,UJ,
UK,Vistara,塔新航空,Vistara,塔新航空,"",,,2024-02-16T08:41:24+08:00,1252,VTI,UK,IN
UL,SriLankan Airlines,,SriLankan Airlines,,"",,,2024-02-16T08:41:24+08:00,1252,ALK,UL,
UM,Air Zimbabwe,,Air Zimbabwe,,"",,,2024-02-16T08:41:24+08:00,1252,AZW,UM,
UN,Transaero Airlines,全祿航空,Transaero Airlines,全祿航空,"",,,2024-02-16T08:41:24+08:00,1252,TSO,UN,RU
UO,Hong Kong Express Airways,香港快運,Hong Kong Express Airways,香港快運,"",,,2024-02-16T08:41:24+08:00,1252,HKE,UO,HK
UP,Bahamasair,,Bahamasair,,"",,,2024-02-16T08:41:24+08:00,1252,BHS,UP,
UQ,Skyjet Airlines,,Skyjet Airlines,,"",,,2024-02-16T08:41:24+08:00,1252,SJU,UQ,
US,USAirways Inc.,全美航空公司,,全美航空,"",台北市復興北路35號8樓之2,(02)27766769,2024-02-16T08:41:24+08:00,1252,USA,US,US
UT,UTair,,UTair,,"",,,2024-02-16T08:41:24+08:00,1252,UTA,UT,
UU,Air Austral,,Air Austral,,"",,,2024-02-16T08:41:24+08:00,1252,REU,UU,
UV,Helicopteros del Sureste,,Helicopteros del Sureste,,"",,,2024-02-16T08:41:24+08:00,1252,HSE,UV,
UX,Air Europa,歐洲航空,Air Europa,歐洲航空,"",,,2024-02-16T08:41:24+08:00,1252,AEA,UX,ES
UZ,Buraq Air,,Buraq Air,,"",,,2024-02-16T08:41:24+08:00,1252,AIW,UZ,
V0,Conviasa,,Conviasa,,"",,,2024-02-16T08:41:24+08:00,1252,VCV,V0,
V2,Vision Airlines,,Vision Airlines,,"",,,2024-02-16T08:41:24+08:00,1252,RBY,V2,
V3,Carpatair,,Carpatair,,"",,,2024-02-16T08:41:24+08:00,1252,KRP,V3,
V4,Vieques Air,,Vieques Air,,"",,,2024-02-16T08:41:24+08:00,1252,VES,V4,
V5,Avolar,,Avolar,,"",,,2024-02-16T08:41:24+08:00,1252,VLI,V5,
V6,VIP Ecuador,,VIP Ecuador,,"",,,2024-02-16T08:41:24+08:00,1252,VUR,V6,
V7,Air Senegal International,,Air Senegal International,,"",,,2024-02-16T08:41:24+08:00,1252,SNG,V7,
V8,Atran-Aviatrans Cargo,,Atran-Aviatrans Cargo,,"",,,2024-02-16T08:41:24+08:00,1252,VAS,V8,
V9,BAL,,BAL,,"",,,2024-02-16T08:41:24+08:00,1252,BTC,V9,
VA,Virgin Australia,,Virgin Australia,,"",,,2024-02-16T08:41:24+08:00,1252,VOZ,VA,
VC,Strategic Airlines,,Strategic Airlines,,"",,,2024-02-16T08:41:24+08:00,1252,AGC,VC,
VD,Kunpeng Airlines,,Kunpeng Airlines,,"",,,2024-02-16T08:41:24+08:00,1252,KPA,VD,
VF,Valuair,,Valuair,,"",,,2024-02-16T08:41:24+08:00,1252,VLU,VF,
VG,VLM Airlines,,VLM Airlines,,"",,,2024-02-16T08:41:24+08:00,1252,VLM,VG,
VH,Aeropostal Alas de Venezuela,,Aeropostal Alas de Venezuela,,"",,,2024-02-16T08:41:24+08:00,1252,ALV,VH,
VI,Volga-Dnepr Airlines,伏爾加第聶伯,Volga-Dnepr Airlines,伏爾加第聶伯,"",,,2024-02-16T08:41:24+08:00,1252,VDA,VI,
VJ,Vietjet,越捷航空,Vietjet,越捷航空,"",,,2024-02-16T08:41:24+08:00,1252,VJC,VJ,VN
VK,Virgin Nigeria Airways,,Virgin Nigeria Airways,,"",,,2024-02-16T08:41:24+08:00,1252,VGN,VK,
VL,Air Via,,Air Via,,"",,,2024-02-16T08:41:24+08:00,1252,VIM,VL,
VM,Viaggio Air,,Viaggio Air,,"",,,2024-02-16T08:41:24+08:00,1252,VOA,VM,
VN,Vietnam Airlines,越南航空公司,Vietnam Airlines,越南航空,"",,,2024-02-16T08:41:24+08:00,1252,HVN,VN,VN
VO,Tyrolean Airways,,Tyrolean Airways,,"",,,2024-02-16T08:41:24+08:00,1252,TYR,VO,
VQ,Vintage Props  Jets,,Vintage Props  Jets,,"",,,2024-02-16T08:41:24+08:00,1252,IPU,VQ,
VR,TACV,,TACV,,"",,,2024-02-16T08:41:24+08:00,1252,TCV,VR,
VS,Virgin Atlantic,,Virgin Atlantic,,"",,,2024-02-16T08:41:24+08:00,1252,VIR,VS,
VT,Air Tahiti,,Air Tahiti,,"",,,2024-02-16T08:41:24+08:00,1252,VTA,VT,
VU,Air Ivoire,,Air Ivoire,,"",,,2024-02-16T08:41:24+08:00,1252,VUN,VU,
VV,Aerosvit Airlines,,Aerosvit Airlines,,"",,,2024-02-16T08:41:24+08:00,1252,AEW,VV,
VW,Aeromar,,Aeromar,,"",,,2024-02-16T08:41:24+08:00,1252,TAO,VW,
VX,Virgin America,,Virgin America,,"",,,2024-02-16T08:41:24+08:00,1252,VRD,VX,
VY,Vueling,,Vueling,,"",,,2024-02-16T08:41:24+08:00,1252,VLG,VY,
VZ,Thai Vietjet Air,泰越捷航空,Thai Vietjet Air,泰越捷航空,"",,,2024-02-16T08:41:24+08:00,1252,TVJ,VZ,TH
W3,Arik Air,,Arik Air,,"",,,2024-02-16T08:41:24+08:00,1252,ARA,W3,
W4,Aero Services Executive,,Aero Services Executive,,"",,,2024-02-16T08:41:24+08:00,1252,BES,W4,
W5,Mahan Air,,Mahan Air,,"",,,2024-02-16T08:41:24+08:00,1252,IRM,W5,
W6,Wizzair,,Wizzair,,"",,,2024-02-16T08:41:24+08:00,1252,WZZ,W6,
W7,Sayakhat Airlines,,Sayakhat Airlines,,"",,,2024-02-16T08:41:24+08:00,1252,SAH,W7,
W9,Air Bagan,,Air Bagan,,"",,,2024-02-16T08:41:24+08:00,1252,JAB,W9,
WA,KLM Cityhopper,,KLM Cityhopper,,"",,,2024-02-16T08:41:24+08:00,1252,KLC,WA,
WB,RwandAir,,RwandAir,,"",,,2024-02-16T08:41:24+08:00,1252,RWD,WB,
WC,Islena Airlines,,Islena Airlines,,"",,,2024-02-16T08:41:24+08:00,1252,ISV,WC,
WD,Amsterdam Airlines,,Amsterdam Airlines,金邊航空,"",,,2024-02-16T08:41:24+08:00,1252,WPH,WD,
WE,THAI Smile,泰國微笑航空,THAI Smile,泰國微笑航空,"",,,2024-02-16T08:41:24+08:00,1252,THD,WE,TH
WF,Wideroe,,Wideroe,,"",,,2024-02-16T08:41:24+08:00,1252,WIF,WF,
WG,Sunwing Airlines,,Sunwing Airlines,,"",,,2024-02-16T08:41:24+08:00,1252,SWG,WG,
WH,WebJet Linhas AAcreas,,WebJet Linhas AAcreas,,"",,,2024-02-16T08:41:24+08:00,1252,WEB,WH,
WJ,Air Labrador,,Air Labrador,,"",,,2024-02-16T08:41:24+08:00,1252,LAL,WJ,
WK,Edelweiss Air,,Edelweiss Air,,"",,,2024-02-16T08:41:24+08:00,1252,AFB,WK,
WL,Aeroperlas,,Aeroperlas,,"",,,2024-02-16T08:41:24+08:00,1252,APP,WL,
WM,Winair,,Winair,,"",,,2024-02-16T08:41:24+08:00,1252,WIA,WM,
WN,Southwest Airlines,,Southwest Airlines,,"",,,2024-02-16T08:41:24+08:00,1252,SWA,WN,
WO,Air Southwest,,Air Southwest,,"",,,2024-02-16T08:41:24+08:00,1252,WOW,WO,
WP,Aloha Island Air,,Aloha Island Air,,"",,,2024-02-16T08:41:24+08:00,1252,MKU,WP,
WS,WestJet,,WestJet,,"",,,2024-02-16T08:41:24+08:00,1252,WJA,WS,
WT,Wasaya Airways,,Wasaya Airways,,"",,,2024-02-16T08:41:24+08:00,1252,WSG,WT,
WU,Tikal Jets,,Tikal Jets,,"",,,2024-02-16T08:41:24+08:00,1252,CWU,WU,
WW,bmibaby,,bmibaby,,"",,,2024-02-16T08:41:24+08:00,1252,BMI,WW,
WX,CityJet,,CityJet,,"",,,2024-02-16T08:41:24+08:00,1252,BCY,WX,
WY,Oman Air,,Oman Air,,"",,,2024-02-16T08:41:24+08:00,1252,OAS,WY,
WZ,Jet Tran Air,,Jet Tran Air,,"",,,2024-02-16T08:41:24+08:00,1252,MDJ,WZ,
X3,TUIfly,,TUIfly,,"",,,2024-02-16T08:41:24+08:00,1252,HLX,X3,
X8,Icaro Air,,Icaro Air,,"",,,2024-02-16T08:41:24+08:00,1252,DAP,X8,
XC,Corendon Airlines,,Corendon Airlines,,"",,,2024-02-16T08:41:24+08:00,1252,CAI,XC,
XD,Freebird Airlines,,Freebird Airlines,,"",,,2024-02-16T08:41:24+08:00,1252,FHY,XD,
XE,ExpressJet Airlines,,ExpressJet Airlines,,"",,,2024-02-16T08:41:24+08:00,1252,BTA,XE,
XF,Vladivostok Air,,Vladivostok Air,,"",,,2024-02-16T08:41:24+08:00,1252,VLK,XF,
XG,Clickair,,Clickair,,"",,,2024-02-16T08:41:24+08:00,1252,AIS,XG,
XH,Belle Air,,Belle Air,,"",,,2024-02-16T08:41:24+08:00,1252,LBY,XH,
XJ,Mesaba Airlines,,Mesaba Airlines,,"",,,2024-02-16T08:41:24+08:00,1252,MES,XJ,
XK,Air Corsica,,Air Corsica,,"",,,2024-02-16T08:41:24+08:00,1252,CCM,XK,
XL,LATAM Airlines Ecuador,,LATAM Airlines Ecuador,,"",,,2024-02-16T08:41:24+08:00,1252,LNE,XL,
XM,Australian Air Express,,Australian Air Express,,"",,,2024-02-16T08:41:24+08:00,1252,JTE,XM,
XN,Xpressair,,Xpressair,,"",,,2024-02-16T08:41:24+08:00,1252,XAR,XN,
XP,Xtra Airways,,Xtra Airways,,"",,,2024-02-16T08:41:24+08:00,1252,CXP,XP,
XQ,Sun Express,,Sun Express,,"",,,2024-02-16T08:41:24+08:00,1252,SXS,XQ,
XR,Skywest Airlines,,Skywest Airlines,,"",,,2024-02-16T08:41:24+08:00,1252,OZW,XR,
XT,PT INDONESIA AIRASIA EXTRA,印尼亞洲航空,PT INDONESIA AIRASIA EXTRA,印尼亞洲航空,"",,,2024-02-16T08:41:24+08:00,1252,IDX,XT,ID
XU,African Express Airways,,African Express Airways,,"",,,2024-02-16T08:41:24+08:00,1252,AXK,XU,
XW,NokScoot Airlines,酷鳥航空,NokScoot Airlines,酷鳥航空,"",,,2024-02-16T08:41:24+08:00,1252,NCT,XW,TH
XY,Nas Air,,Nas Air,,"",,,2024-02-16T08:41:24+08:00,1252,KNE,XY,
XZ,South African Express Airways,,South African Express Airways,,"",,,2024-02-16T08:41:24+08:00,1252,EXY,XZ,
Y0,Yellow Air Taxi,,Yellow Air Taxi,,"",,,2024-02-16T08:41:24+08:00,1252,EMJ,Y0,
Y2,Flyglobespan,,Flyglobespan,,"",,,2024-02-16T08:41:24+08:00,1252,GSM,Y2,
Y4,Volaris,,Volaris,,"",,,2024-02-16T08:41:24+08:00,1252,VOI,Y4,
Y6,Batavia Air,,Batavia Air,,"",,,2024-02-16T08:41:24+08:00,1252,BTV,Y6,
Y8,Suparna Airlines,揚子江快運,Suparna Airlines,揚子江快運,"",,,2024-02-16T08:41:24+08:00,1252,YZR,Y8,CN
Y9,Kish Air,,Kish Air,,"",,,2024-02-16T08:41:24+08:00,1252,IRK,Y9,
YB,South African Express,,South African Express,,"",,,2024-02-16T08:41:24+08:00,1252,EXY,YB,
YD,Mauritania Airways,,Mauritania Airways,,"",,,2024-02-16T08:41:24+08:00,1252,MTW,YD,
YE,Eram Air,,Eram Air,,"",,,2024-02-16T08:41:24+08:00,1252,IRY,YE,
YG,South Airlines,,South Airlines,,"",,,2024-02-16T08:41:24+08:00,1252,OTL,YG,
YI,Air Sunshine,,Air Sunshine,,"",,,2024-02-16T08:41:24+08:00,1252,RSI,YI,
YK,Cyprus Turkish Airlines,,Cyprus Turkish Airlines,,"",,,2024-02-16T08:41:24+08:00,1252,KYV,YK,
YL,Yamal Airlines,,Yamal Airlines,,"",,,2024-02-16T08:41:24+08:00,1252,LLM,YL,
YM,Montenegro Airlines,,Montenegro Airlines,,"",,,2024-02-16T08:41:24+08:00,1252,MGX,YM,
YN,Air Creebec,,Air Creebec,,"",,,2024-02-16T08:41:24+08:00,1252,CRQ,YN,
YO,Heli Air Monaco,,Heli Air Monaco,,"",,,2024-02-16T08:41:24+08:00,1252,MCM,YO,
YQ,Polet Airlines,,Polet Airlines,,"",,,2024-02-16T08:41:24+08:00,1252,POT,YQ,
YR,Scenic Airlines,,Scenic Airlines,,"",,,2024-02-16T08:41:24+08:00,1252,EGJ,YR,
YS,RAcgional,,RAcgional,,"",,,2024-02-16T08:41:24+08:00,1252,RAE,YS,
YV,Mesa Airlines,,Mesa Airlines,,"",,,2024-02-16T08:41:24+08:00,1252,ASH,YV,
YW,Air Nostrum,,Air Nostrum,,"",,,2024-02-16T08:41:24+08:00,1252,ANE,YW,
YX,Midwest Airlines,,Midwest Airlines,,"",,,2024-02-16T08:41:24+08:00,1252,MEP,YX,
Z2,Zest Airways,菲亞航,Zest Airways,菲亞航,"",,,2024-02-16T08:41:24+08:00,1252,EZD,Z2,PH
Z3,Promech Airlines,,Promech Airlines,,"",,,2024-02-16T08:41:24+08:00,1252,GLA,Z3,
Z5,GMG Airlines,,GMG Airlines,,"",,,2024-02-16T08:41:24+08:00,1252,GMG,Z5,
Z6,Dnieproavia,,Dnieproavia,,"",,,2024-02-16T08:41:24+08:00,1252,UDN,Z6,
Z7,Avia Traffic Company,,Avia Traffic Company,,"",,,2024-02-16T08:41:24+08:00,1252,AVJ,Z7,
Z8,Mali Airways,,Mali Airways,,"",,,2024-02-16T08:41:24+08:00,1252,AZN,Z8,
Z9,Delta Connection (Kenya),,Delta Connection (Kenya),,"",,,2024-02-16T08:41:24+08:00,1252,DCP,Z9,
ZA,Sky Angkor Airlines,天空吳哥航空,Sky Angkor Airlines,天空吳哥航空,"",,,2024-02-16T08:41:24+08:00,1252,SWM,ZA,KH
ZB,Monarch Airlines,,Monarch Airlines,,"",,,2024-02-16T08:41:24+08:00,1252,MON,ZB,
ZD,Dolphin Air,,Dolphin Air,,"",,,2024-02-16T08:41:24+08:00,1252,ZDN,ZD,
ZE,Eastar Jet,易斯達航空,Eastar Jet,易斯達航空,"",,,2024-02-16T08:41:24+08:00,1252,ESR,ZE,KR
ZH,Shenzhen Airlines,深圳航空公司,Shenzhen Airlines,深圳航空,"",,,2024-02-16T08:41:24+08:00,1252,CSZ,ZH,CN
ZI,Aigle Azur,,Aigle Azur,,"",,,2024-02-16T08:41:24+08:00,1252,AAF,ZI,
ZJ,Zambezi Airlines,,Zambezi Airlines,,"",,,2024-02-16T08:41:24+08:00,1252,ZMA,ZJ,
ZK,Great Lakes Aviation,,Great Lakes Aviation,,"",,,2024-02-16T08:41:24+08:00,1252,GLA,ZK,
ZL,Regional Express,,Regional Express,,"",,,2024-02-16T08:41:24+08:00,1252,HZL,ZL,
ZM,Cityline Hungary,,Cityline Hungary,,"",,,2024-02-16T08:41:24+08:00,1252,CNB,ZM,
ZN,Naysa,,Naysa,,"",,,2024-02-16T08:41:24+08:00,1252,NAY,ZN,
ZQ,Caribbean Sun Airlines,,Caribbean Sun Airlines,,"",,,2024-02-16T08:41:24+08:00,1252,NZA,ZQ,
ZR,Aviacon Citotrans,,Aviacon Citotrans,,"",,,2024-02-16T08:41:24+08:00,1252,AZS,ZR,
ZT,Titan Airways,,Titan Airways,,"",,,2024-02-16T08:41:24+08:00,1252,AWC,ZT,
ZU,Air Bashkortostan,,Air Bashkortostan,,"",,,2024-02-16T08:41:24+08:00,1252,BBT,ZU,
ZV,V Air,威航,V Air,威航,"",,,2024-02-16T08:41:24+08:00,1252,VAX,ZV,TW
ZW,Air Wisconsin,,Air Wisconsin,,"",,,2024-02-16T08:41:24+08:00,1252,AWI,ZW,
ZY,Eznis Airways,,Eznis Airways,,"",,,2024-02-16T08:41:24+08:00,1252,EZA,ZY,
